#
# There is insufficient memory for the Java Runtime Environment to continue.
# Native memory allocation (mmap) failed to map 702545920 bytes. Error detail: G1 virtual space
# Possible reasons:
#   The system is out of physical RAM or swap space
#   This process is running with CompressedOops enabled, and the Java Heap may be blocking the growth of the native heap
# Possible solutions:
#   Reduce memory load on the system
#   Increase physical memory or swap space
#   Check if swap backing store is full
#   Decrease Java heap size (-Xmx/-Xms)
#   Decrease number of Java threads
#   Decrease Java thread stack sizes (-Xss)
#   Set larger code cache with -XX:ReservedCodeCacheSize=
#   JVM is running with Unscaled Compressed Oops mode in which the Java heap is
#     placed in the first 4GB address space. The Java Heap base address is the
#     maximum limit for the native heap growth. Please use -XX:HeapBaseMinAddress
#     to set the Java Heap base and to place the Java Heap above 4GB virtual address.
# This output file may be truncated or incomplete.
#
#  Out of Memory Error (os_windows.cpp:3925), pid=7720, tid=13340
#
# JRE version: OpenJDK Runtime Environment (21.0.8) (build 21.0.8+-14196175-b1038.72)
# Java VM: OpenJDK 64-Bit Server VM (21.0.8+-14196175-b1038.72, mixed mode, tiered, compressed oops, compressed class ptrs, g1 gc, windows-amd64)
# No core dump will be written. Minidumps are not enabled by default on client versions of Windows
#

---------------  S U M M A R Y ------------

Command Line: --add-opens=java.base/java.lang=ALL-UNNAMED --add-opens=java.base/java.lang.invoke=ALL-UNNAMED --add-opens=java.base/java.util=ALL-UNNAMED --add-opens=java.prefs/java.util.prefs=ALL-UNNAMED --add-exports=jdk.compiler/com.sun.tools.javac.api=ALL-UNNAMED --add-exports=jdk.compiler/com.sun.tools.javac.util=ALL-UNNAMED --add-opens=java.base/java.util=ALL-UNNAMED --add-opens=java.prefs/java.util.prefs=ALL-UNNAMED --add-opens=java.base/java.nio.charset=ALL-UNNAMED --add-opens=java.base/java.net=ALL-UNNAMED --add-opens=java.base/java.util.concurrent.atomic=ALL-UNNAMED --add-opens=java.xml/javax.xml.namespace=ALL-UNNAMED -Xmx2048m -Dfile.encoding=UTF-8 -Duser.country=US -Duser.language=en -Duser.variant -javaagent:C:\Users\Admin\.gradle\wrapper\dists\gradle-8.11-bin\c4te04g51qsyw1bxcb929u7br\gradle-8.11\lib\agents\gradle-instrumentation-agent-8.11.jar org.gradle.launcher.daemon.bootstrap.GradleDaemon 8.11

Host: Intel(R) Pentium(R) Gold G5420 CPU @ 3.80GHz, 4 cores, 15G,  Windows 10 , 64 bit Build 19041 (10.0.19041.5915)
Time: Mon Jan  5 15:27:39 2026 SE Asia Standard Time elapsed time: 31.805476 seconds (0d 0h 0m 31s)

---------------  T H R E A D  ---------------

Current thread (0x000001f1bde1d5c0):  VMThread "VM Thread"          [id=13340, stack(0x000000489b100000,0x000000489b200000) (1024K)]

Stack: [0x000000489b100000,0x000000489b200000]
Native frames: (J=compiled Java code, j=interpreted, Vv=VM code, C=native code)
V  [jvm.dll+0x6d68d9]
V  [jvm.dll+0x866693]
V  [jvm.dll+0x868c4e]
V  [jvm.dll+0x869333]
V  [jvm.dll+0x280566]
V  [jvm.dll+0x6d3195]
V  [jvm.dll+0x6c69ea]
V  [jvm.dll+0x3586db]
V  [jvm.dll+0x360336]
V  [jvm.dll+0x3b23f6]
V  [jvm.dll+0x3b26c8]
V  [jvm.dll+0x32ae6c]
V  [jvm.dll+0x32aef7]
V  [jvm.dll+0x370d3c]
V  [jvm.dll+0x36f4ee]
V  [jvm.dll+0x32a5c1]
V  [jvm.dll+0x36ebf0]
V  [jvm.dll+0x86f0b8]
V  [jvm.dll+0x870434]
V  [jvm.dll+0x870970]
V  [jvm.dll+0x870c03]
V  [jvm.dll+0x80eac8]
V  [jvm.dll+0x6d512d]
C  [ucrtbase.dll+0x21bb2]
C  [KERNEL32.DLL+0x17374]
C  [ntdll.dll+0x4cc91]

VM_Operation (0x000000489e1fa200): G1CollectForAllocation, mode: safepoint, requested by thread 0x000001f1df9b0a50


---------------  P R O C E S S  ---------------

Threads class SMR info:
_java_thread_list=0x000001f1df058320, length=47, elements={
0x000001f1bde42e90, 0x000001f1d71a9630, 0x000001f1d71b6730, 0x000001f1d71a9f60,
0x000001f1d71cffd0, 0x000001f1d71d0c50, 0x000001f1d71d5a70, 0x000001f1d71d6880,
0x000001f1d71e6ae0, 0x000001f1d71f0ce0, 0x000001f1d74b9e00, 0x000001f1dd2b84c0,
0x000001f1dd28c040, 0x000001f1dc4dad50, 0x000001f1dd24cbc0, 0x000001f1dd1c0000,
0x000001f1dd2e1e70, 0x000001f1dd2e2b90, 0x000001f1dd2e2500, 0x000001f1dd2e0ac0,
0x000001f1dd2e3220, 0x000001f1dd2e38b0, 0x000001f1dd2e3f40, 0x000001f1dd2e1150,
0x000001f1ded5d9c0, 0x000001f1ded5fa90, 0x000001f1ded62f10, 0x000001f1ded635a0,
0x000001f1ded60120, 0x000001f1ded62880, 0x000001f1ded607b0, 0x000001f1ded60e40,
0x000001f1ded5c610, 0x000001f1ded614d0, 0x000001f1ded5ed70, 0x000001f1ded63c30,
0x000001f1ded621f0, 0x000001f1ded5e6e0, 0x000001f1df9b1e00, 0x000001f1df9b2490,
0x000001f1df9b03c0, 0x000001f1df9b1770, 0x000001f1df9acf40, 0x000001f1df9adc60,
0x000001f1df9af010, 0x000001f1df9b0a50, 0x000001f1dc500b60
}

Java Threads: ( => current thread )
  0x000001f1bde42e90 JavaThread "main"                              [_thread_blocked, id=10976, stack(0x000000489aa00000,0x000000489ab00000) (1024K)]
  0x000001f1d71a9630 JavaThread "Common-Cleaner"             daemon [_thread_blocked, id=8236, stack(0x000000489b200000,0x000000489b300000) (1024K)]
  0x000001f1d71b6730 JavaThread "Reference Handler"          daemon [_thread_blocked, id=1324, stack(0x000000489b300000,0x000000489b400000) (1024K)]
  0x000001f1d71a9f60 JavaThread "Finalizer"                  daemon [_thread_blocked, id=14144, stack(0x000000489b400000,0x000000489b500000) (1024K)]
  0x000001f1d71cffd0 JavaThread "Signal Dispatcher"          daemon [_thread_blocked, id=3792, stack(0x000000489b500000,0x000000489b600000) (1024K)]
  0x000001f1d71d0c50 JavaThread "Attach Listener"            daemon [_thread_blocked, id=10836, stack(0x000000489b600000,0x000000489b700000) (1024K)]
  0x000001f1d71d5a70 JavaThread "Service Thread"             daemon [_thread_blocked, id=1520, stack(0x000000489b700000,0x000000489b800000) (1024K)]
  0x000001f1d71d6880 JavaThread "Monitor Deflation Thread"   daemon [_thread_blocked, id=312, stack(0x000000489b800000,0x000000489b900000) (1024K)]
  0x000001f1d71e6ae0 JavaThread "C2 CompilerThread0"         daemon [_thread_blocked, id=2728, stack(0x000000489b900000,0x000000489ba00000) (1024K)]
  0x000001f1d71f0ce0 JavaThread "C1 CompilerThread0"         daemon [_thread_blocked, id=14312, stack(0x000000489ba00000,0x000000489bb00000) (1024K)]
  0x000001f1d74b9e00 JavaThread "Notification Thread"        daemon [_thread_blocked, id=12532, stack(0x000000489bb00000,0x000000489bc00000) (1024K)]
  0x000001f1dd2b84c0 JavaThread "Daemon health stats"               [_thread_blocked, id=4660, stack(0x000000489c000000,0x000000489c100000) (1024K)]
  0x000001f1dd28c040 JavaThread "Incoming local TCP Connector on port 51194"        [_thread_in_native, id=7400, stack(0x000000489c100000,0x000000489c200000) (1024K)]
  0x000001f1dc4dad50 JavaThread "Daemon periodic checks"            [_thread_blocked, id=11268, stack(0x000000489c200000,0x000000489c300000) (1024K)]
  0x000001f1dd24cbc0 JavaThread "Daemon"                            [_thread_blocked, id=14780, stack(0x000000489c300000,0x000000489c400000) (1024K)]
  0x000001f1dd1c0000 JavaThread "Handler for socket connection from /127.0.0.1:51194 to /127.0.0.1:51195"        [_thread_in_native, id=13700, stack(0x000000489c400000,0x000000489c500000) (1024K)]
  0x000001f1dd2e1e70 JavaThread "Cancel handler"                    [_thread_blocked, id=3528, stack(0x000000489c500000,0x000000489c600000) (1024K)]
  0x000001f1dd2e2b90 JavaThread "Daemon worker"                     [_thread_blocked, id=8584, stack(0x000000489c600000,0x000000489c700000) (1024K)]
  0x000001f1dd2e2500 JavaThread "Asynchronous log dispatcher for DefaultDaemonConnection: socket connection from /127.0.0.1:51194 to /127.0.0.1:51195"        [_thread_blocked, id=3580, stack(0x000000489c700000,0x000000489c800000) (1024K)]
  0x000001f1dd2e0ac0 JavaThread "Stdin handler"                     [_thread_blocked, id=8092, stack(0x000000489c800000,0x000000489c900000) (1024K)]
  0x000001f1dd2e3220 JavaThread "Daemon client event forwarder"        [_thread_blocked, id=2044, stack(0x000000489c900000,0x000000489ca00000) (1024K)]
  0x000001f1dd2e38b0 JavaThread "Cache worker for journal cache (C:\Users\Admin\.gradle\caches\journal-1)"        [_thread_blocked, id=6280, stack(0x000000489ca00000,0x000000489cb00000) (1024K)]
  0x000001f1dd2e3f40 JavaThread "File lock request listener"        [_thread_in_native, id=884, stack(0x000000489cb00000,0x000000489cc00000) (1024K)]
  0x000001f1dd2e1150 JavaThread "Cache worker for file hash cache (C:\Users\Admin\.gradle\caches\8.11\fileHashes)"        [_thread_blocked, id=10788, stack(0x000000489cc00000,0x000000489cd00000) (1024K)]
  0x000001f1ded5d9c0 JavaThread "Cache worker for file content cache (C:\Users\Admin\.gradle\caches\8.11\fileContent)"        [_thread_blocked, id=11076, stack(0x000000489cd00000,0x000000489ce00000) (1024K)]
  0x000001f1ded5fa90 JavaThread "Cache worker for file hash cache (D:\blurberry\Test\Edge-Border-Lighting\.gradle\8.11\fileHashes)"        [_thread_blocked, id=7104, stack(0x000000489ce00000,0x000000489cf00000) (1024K)]
  0x000001f1ded62f10 JavaThread "Cache worker for Build Output Cleanup Cache (D:\blurberry\Test\Edge-Border-Lighting\.gradle\buildOutputCleanup)"        [_thread_blocked, id=13600, stack(0x000000489cf00000,0x000000489d000000) (1024K)]
  0x000001f1ded635a0 JavaThread "File watcher server"        daemon [_thread_in_native, id=12748, stack(0x000000489d000000,0x000000489d100000) (1024K)]
  0x000001f1ded60120 JavaThread "File watcher consumer"      daemon [_thread_blocked, id=2468, stack(0x000000489d100000,0x000000489d200000) (1024K)]
  0x000001f1ded62880 JavaThread "jar transforms"                    [_thread_blocked, id=10152, stack(0x000000489bf00000,0x000000489c000000) (1024K)]
  0x000001f1ded607b0 JavaThread "jar transforms Thread 2"           [_thread_blocked, id=8360, stack(0x000000489d200000,0x000000489d300000) (1024K)]
  0x000001f1ded60e40 JavaThread "jar transforms Thread 3"           [_thread_blocked, id=3736, stack(0x000000489d300000,0x000000489d400000) (1024K)]
  0x000001f1ded5c610 JavaThread "jar transforms Thread 4"           [_thread_blocked, id=6200, stack(0x000000489d400000,0x000000489d500000) (1024K)]
  0x000001f1ded614d0 JavaThread "Cache worker for checksums cache (D:\blurberry\Test\Edge-Border-Lighting\.gradle\8.11\checksums)"        [_thread_blocked, id=10740, stack(0x000000489d600000,0x000000489d700000) (1024K)]
  0x000001f1ded5ed70 JavaThread "Cache worker for cache directory md-rule (C:\Users\Admin\.gradle\caches\8.11\md-rule)"        [_thread_blocked, id=7988, stack(0x000000489d700000,0x000000489d800000) (1024K)]
  0x000001f1ded63c30 JavaThread "Cache worker for cache directory md-supplier (C:\Users\Admin\.gradle\caches\8.11\md-supplier)"        [_thread_blocked, id=5720, stack(0x000000489d800000,0x000000489d900000) (1024K)]
  0x000001f1ded621f0 JavaThread "Unconstrained build operations"        [_thread_blocked, id=12156, stack(0x000000489d900000,0x000000489da00000) (1024K)]
  0x000001f1ded5e6e0 JavaThread "Unconstrained build operations Thread 2"        [_thread_blocked, id=13872, stack(0x000000489da00000,0x000000489db00000) (1024K)]
  0x000001f1df9b1e00 JavaThread "Unconstrained build operations Thread 3"        [_thread_blocked, id=12360, stack(0x000000489db00000,0x000000489dc00000) (1024K)]
  0x000001f1df9b2490 JavaThread "Unconstrained build operations Thread 4"        [_thread_blocked, id=14764, stack(0x000000489dc00000,0x000000489dd00000) (1024K)]
  0x000001f1df9b03c0 JavaThread "Unconstrained build operations Thread 5"        [_thread_blocked, id=2644, stack(0x000000489dd00000,0x000000489de00000) (1024K)]
  0x000001f1df9b1770 JavaThread "Unconstrained build operations Thread 6"        [_thread_blocked, id=5084, stack(0x000000489de00000,0x000000489df00000) (1024K)]
  0x000001f1df9acf40 JavaThread "Unconstrained build operations Thread 7"        [_thread_blocked, id=11060, stack(0x000000489df00000,0x000000489e000000) (1024K)]
  0x000001f1df9adc60 JavaThread "Unconstrained build operations Thread 8"        [_thread_blocked, id=10368, stack(0x000000489d500000,0x000000489d600000) (1024K)]
  0x000001f1df9af010 JavaThread "Unconstrained build operations Thread 9"        [_thread_blocked, id=13488, stack(0x000000489e000000,0x000000489e100000) (1024K)]
  0x000001f1df9b0a50 JavaThread "Unconstrained build operations Thread 10"        [_thread_blocked, id=13604, stack(0x000000489e100000,0x000000489e200000) (1024K)]
  0x000001f1dc500b60 JavaThread "C2 CompilerThread1"         daemon [_thread_in_native, id=12744, stack(0x000000489e200000,0x000000489e300000) (1024K)]
Total: 47

Other Threads:
=>0x000001f1bde1d5c0 VMThread "VM Thread"                           [id=13340, stack(0x000000489b100000,0x000000489b200000) (1024K)]
  0x000001f1d6faabc0 WatcherThread "VM Periodic Task Thread"        [id=13308, stack(0x000000489b000000,0x000000489b100000) (1024K)]
  0x000001f1bde1e440 WorkerThread "GC Thread#0"                     [id=13744, stack(0x000000489ab00000,0x000000489ac00000) (1024K)]
  0x000001f1bde1e0a0 WorkerThread "GC Thread#1"                     [id=14588, stack(0x000000489bc00000,0x000000489bd00000) (1024K)]
  0x000001f1bde1d960 WorkerThread "GC Thread#2"                     [id=13232, stack(0x000000489bd00000,0x000000489be00000) (1024K)]
  0x000001f1bde1dd00 WorkerThread "GC Thread#3"                     [id=4732, stack(0x000000489be00000,0x000000489bf00000) (1024K)]
  0x000001f1c01a74c0 ConcurrentGCThread "G1 Main Marker"            [id=13896, stack(0x000000489ac00000,0x000000489ad00000) (1024K)]
  0x000001f1bde1eb80 WorkerThread "G1 Conc#0"                       [id=9164, stack(0x000000489ad00000,0x000000489ae00000) (1024K)]
  0x000001f1c020e450 ConcurrentGCThread "G1 Refine#0"               [id=12632, stack(0x000000489ae00000,0x000000489af00000) (1024K)]
  0x000001f1c020eae0 ConcurrentGCThread "G1 Service"                [id=7304, stack(0x000000489af00000,0x000000489b000000) (1024K)]
Total: 10

Threads with active compile tasks:
C2 CompilerThread1  31917 9547 %     4       org.objectweb.asm.ClassReader::readCode @ 1561 (5117 bytes)
Total: 1

VM state: at safepoint (normal execution)

VM Mutex/Monitor currently owned by a thread:  ([mutex/lock_event])
[0x00007fffc8a485b8] Threads_lock - owner thread: 0x000001f1bde1d5c0
[0x00007fffc8a486b8] Heap_lock - owner thread: 0x000001f1df9b0a50

Heap address: 0x0000000080000000, size: 2048 MB, Compressed Oops mode: 32-bit

CDS archive(s) not mapped
Compressed class space mapped at: 0x0000000100000000-0x0000000140000000, reserved size: 1073741824
Narrow klass base: 0x0000000000000000, Narrow klass shift: 3, Narrow klass range: 0x140000000

GC Precious Log:
 CardTable entry size: 512
 Card Set container configuration: InlinePtr #cards 5 size 8 Array Of Cards #cards 12 size 40 Howl #buckets 4 coarsen threshold 1843 Howl Bitmap #cards 512 size 80 coarsen threshold 460 Card regions per heap region 1 cards per card region 2048
 CPUs: 4 total, 4 available
 Memory: 16049M
 Large Page Support: Disabled
 NUMA Support: Disabled
 Compressed Oops: Enabled (32-bit)
 Heap Region Size: 1M
 Heap Min Capacity: 8M
 Heap Initial Capacity: 252M
 Heap Max Capacity: 2G
 Pre-touch: Disabled
 Parallel Workers: 4
 Concurrent Workers: 1
 Concurrent Refinement Workers: 4
 Periodic GC: Disabled

Heap:
 garbage-first heap   total 381952K, used 219648K [0x0000000080000000, 0x0000000100000000)
  region size 1024K, 2 young (2048K), 2 survivors (2048K)
 Metaspace       used 65969K, committed 67456K, reserved 1114112K
  class space    used 9191K, committed 9920K, reserved 1048576K

Heap Regions: E=young(eden), S=young(survivor), O=old, HS=humongous(starts), HC=humongous(continues), CS=collection set, F=free, TAMS=top-at-mark-start, PB=parsable bottom
|   0|0x0000000080000000, 0x0000000080100000, 0x0000000080100000|100%|HS|  |TAMS 0x0000000080000000| PB 0x0000000080000000| Complete 
|   1|0x0000000080100000, 0x0000000080200000, 0x0000000080200000|100%|HC|  |TAMS 0x0000000080100000| PB 0x0000000080100000| Complete 
|   2|0x0000000080200000, 0x0000000080300000, 0x0000000080300000|100%|HC|  |TAMS 0x0000000080200000| PB 0x0000000080200000| Complete 
|   3|0x0000000080300000, 0x0000000080400000, 0x0000000080400000|100%| O|  |TAMS 0x0000000080300000| PB 0x0000000080300000| Untracked 
|   4|0x0000000080400000, 0x0000000080500000, 0x0000000080500000|100%| O|  |TAMS 0x0000000080400000| PB 0x0000000080400000| Untracked 
|   5|0x0000000080500000, 0x0000000080600000, 0x0000000080600000|100%| O|  |TAMS 0x0000000080500000| PB 0x0000000080500000| Untracked 
|   6|0x0000000080600000, 0x0000000080700000, 0x0000000080700000|100%|HS|  |TAMS 0x0000000080600000| PB 0x0000000080600000| Complete 
|   7|0x0000000080700000, 0x0000000080800000, 0x0000000080800000|100%| O|  |TAMS 0x0000000080700000| PB 0x0000000080700000| Untracked 
|   8|0x0000000080800000, 0x0000000080900000, 0x0000000080900000|100%| O|  |TAMS 0x0000000080800000| PB 0x0000000080800000| Untracked 
|   9|0x0000000080900000, 0x0000000080a00000, 0x0000000080a00000|100%| O|  |TAMS 0x0000000080900000| PB 0x0000000080900000| Untracked 
|  10|0x0000000080a00000, 0x0000000080b00000, 0x0000000080b00000|100%| O|  |TAMS 0x0000000080a00000| PB 0x0000000080a00000| Untracked 
|  11|0x0000000080b00000, 0x0000000080c00000, 0x0000000080c00000|100%| O|  |TAMS 0x0000000080b00000| PB 0x0000000080b00000| Untracked 
|  12|0x0000000080c00000, 0x0000000080d00000, 0x0000000080d00000|100%| O|  |TAMS 0x0000000080c00000| PB 0x0000000080c00000| Untracked 
|  13|0x0000000080d00000, 0x0000000080e00000, 0x0000000080e00000|100%| O|  |TAMS 0x0000000080d00000| PB 0x0000000080d00000| Untracked 
|  14|0x0000000080e00000, 0x0000000080f00000, 0x0000000080f00000|100%| O|  |TAMS 0x0000000080e00000| PB 0x0000000080e00000| Untracked 
|  15|0x0000000080f00000, 0x0000000081000000, 0x0000000081000000|100%| O|  |TAMS 0x0000000080f00000| PB 0x0000000080f00000| Untracked 
|  16|0x0000000081000000, 0x0000000081100000, 0x0000000081100000|100%| O|  |TAMS 0x0000000081000000| PB 0x0000000081000000| Untracked 
|  17|0x0000000081100000, 0x0000000081200000, 0x0000000081200000|100%| O|  |TAMS 0x0000000081100000| PB 0x0000000081100000| Untracked 
|  18|0x0000000081200000, 0x0000000081300000, 0x0000000081300000|100%| O|  |TAMS 0x0000000081200000| PB 0x0000000081200000| Untracked 
|  19|0x0000000081300000, 0x0000000081400000, 0x0000000081400000|100%| O|  |TAMS 0x0000000081300000| PB 0x0000000081300000| Untracked 
|  20|0x0000000081400000, 0x0000000081500000, 0x0000000081500000|100%| O|  |TAMS 0x0000000081400000| PB 0x0000000081400000| Untracked 
|  21|0x0000000081500000, 0x0000000081600000, 0x0000000081600000|100%| O|  |TAMS 0x0000000081500000| PB 0x0000000081500000| Untracked 
|  22|0x0000000081600000, 0x0000000081700000, 0x0000000081700000|100%| O|  |TAMS 0x0000000081600000| PB 0x0000000081600000| Untracked 
|  23|0x0000000081700000, 0x0000000081800000, 0x0000000081800000|100%| O|  |TAMS 0x0000000081700000| PB 0x0000000081700000| Untracked 
|  24|0x0000000081800000, 0x0000000081900000, 0x0000000081900000|100%|HS|  |TAMS 0x0000000081800000| PB 0x0000000081800000| Complete 
|  25|0x0000000081900000, 0x0000000081a00000, 0x0000000081a00000|100%|HC|  |TAMS 0x0000000081900000| PB 0x0000000081900000| Complete 
|  26|0x0000000081a00000, 0x0000000081b00000, 0x0000000081b00000|100%|HC|  |TAMS 0x0000000081a00000| PB 0x0000000081a00000| Complete 
|  27|0x0000000081b00000, 0x0000000081c00000, 0x0000000081c00000|100%|HC|  |TAMS 0x0000000081b00000| PB 0x0000000081b00000| Complete 
|  28|0x0000000081c00000, 0x0000000081d00000, 0x0000000081d00000|100%|HC|  |TAMS 0x0000000081c00000| PB 0x0000000081c00000| Complete 
|  29|0x0000000081d00000, 0x0000000081e00000, 0x0000000081e00000|100%|HC|  |TAMS 0x0000000081d00000| PB 0x0000000081d00000| Complete 
|  30|0x0000000081e00000, 0x0000000081f00000, 0x0000000081f00000|100%|HS|  |TAMS 0x0000000081e00000| PB 0x0000000081e00000| Complete 
|  31|0x0000000081f00000, 0x0000000082000000, 0x0000000082000000|100%|HS|  |TAMS 0x0000000081f00000| PB 0x0000000081f00000| Complete 
|  32|0x0000000082000000, 0x0000000082100000, 0x0000000082100000|100%|HC|  |TAMS 0x0000000082000000| PB 0x0000000082000000| Complete 
|  33|0x0000000082100000, 0x0000000082200000, 0x0000000082200000|100%|HS|  |TAMS 0x0000000082100000| PB 0x0000000082100000| Complete 
|  34|0x0000000082200000, 0x0000000082300000, 0x0000000082300000|100%|HC|  |TAMS 0x0000000082200000| PB 0x0000000082200000| Complete 
|  35|0x0000000082300000, 0x0000000082400000, 0x0000000082400000|100%|HC|  |TAMS 0x0000000082300000| PB 0x0000000082300000| Complete 
|  36|0x0000000082400000, 0x0000000082500000, 0x0000000082500000|100%|HC|  |TAMS 0x0000000082400000| PB 0x0000000082400000| Complete 
|  37|0x0000000082500000, 0x0000000082600000, 0x0000000082600000|100%|HS|  |TAMS 0x0000000082500000| PB 0x0000000082500000| Complete 
|  38|0x0000000082600000, 0x0000000082700000, 0x0000000082700000|100%|HS|  |TAMS 0x0000000082600000| PB 0x0000000082600000| Complete 
|  39|0x0000000082700000, 0x0000000082800000, 0x0000000082800000|100%|HC|  |TAMS 0x0000000082700000| PB 0x0000000082700000| Complete 
|  40|0x0000000082800000, 0x0000000082900000, 0x0000000082900000|100%|HC|  |TAMS 0x0000000082800000| PB 0x0000000082800000| Complete 
|  41|0x0000000082900000, 0x0000000082a00000, 0x0000000082a00000|100%|HC|  |TAMS 0x0000000082900000| PB 0x0000000082900000| Complete 
|  42|0x0000000082a00000, 0x0000000082b00000, 0x0000000082b00000|100%|HC|  |TAMS 0x0000000082a00000| PB 0x0000000082a00000| Complete 
|  43|0x0000000082b00000, 0x0000000082c00000, 0x0000000082c00000|100%|HC|  |TAMS 0x0000000082b00000| PB 0x0000000082b00000| Complete 
|  44|0x0000000082c00000, 0x0000000082d00000, 0x0000000082d00000|100%|HS|  |TAMS 0x0000000082c00000| PB 0x0000000082c00000| Complete 
|  45|0x0000000082d00000, 0x0000000082e00000, 0x0000000082e00000|100%|HS|  |TAMS 0x0000000082d00000| PB 0x0000000082d00000| Complete 
|  46|0x0000000082e00000, 0x0000000082f00000, 0x0000000082f00000|100%|HC|  |TAMS 0x0000000082e00000| PB 0x0000000082e00000| Complete 
|  47|0x0000000082f00000, 0x0000000083000000, 0x0000000083000000|100%| O|  |TAMS 0x0000000082f00000| PB 0x0000000082f00000| Untracked 
|  48|0x0000000083000000, 0x0000000083100000, 0x0000000083100000|100%| O|  |TAMS 0x0000000083000000| PB 0x0000000083000000| Untracked 
|  49|0x0000000083100000, 0x0000000083200000, 0x0000000083200000|100%| O|  |TAMS 0x0000000083100000| PB 0x0000000083100000| Untracked 
|  50|0x0000000083200000, 0x0000000083300000, 0x0000000083300000|100%| O|  |TAMS 0x0000000083200000| PB 0x0000000083200000| Untracked 
|  51|0x0000000083300000, 0x0000000083400000, 0x0000000083400000|100%|HS|  |TAMS 0x0000000083300000| PB 0x0000000083300000| Complete 
|  52|0x0000000083400000, 0x0000000083500000, 0x0000000083500000|100%|HC|  |TAMS 0x0000000083400000| PB 0x0000000083400000| Complete 
|  53|0x0000000083500000, 0x0000000083600000, 0x0000000083600000|100%|HC|  |TAMS 0x0000000083500000| PB 0x0000000083500000| Complete 
|  54|0x0000000083600000, 0x0000000083700000, 0x0000000083700000|100%|HC|  |TAMS 0x0000000083600000| PB 0x0000000083600000| Complete 
|  55|0x0000000083700000, 0x0000000083800000, 0x0000000083800000|100%|HS|  |TAMS 0x0000000083700000| PB 0x0000000083700000| Complete 
|  56|0x0000000083800000, 0x0000000083900000, 0x0000000083900000|100%| O|  |TAMS 0x0000000083800000| PB 0x0000000083800000| Untracked 
|  57|0x0000000083900000, 0x0000000083a00000, 0x0000000083a00000|100%| O|  |TAMS 0x0000000083900000| PB 0x0000000083900000| Untracked 
|  58|0x0000000083a00000, 0x0000000083b00000, 0x0000000083b00000|100%| O|  |TAMS 0x0000000083a00000| PB 0x0000000083a00000| Untracked 
|  59|0x0000000083b00000, 0x0000000083c00000, 0x0000000083c00000|100%| O|  |TAMS 0x0000000083b00000| PB 0x0000000083b00000| Untracked 
|  60|0x0000000083c00000, 0x0000000083d00000, 0x0000000083d00000|100%| O|  |TAMS 0x0000000083c00000| PB 0x0000000083c00000| Untracked 
|  61|0x0000000083d00000, 0x0000000083e00000, 0x0000000083e00000|100%| O|  |TAMS 0x0000000083d00000| PB 0x0000000083d00000| Untracked 
|  62|0x0000000083e00000, 0x0000000083f00000, 0x0000000083f00000|100%| O|  |TAMS 0x0000000083e00000| PB 0x0000000083e00000| Untracked 
|  63|0x0000000083f00000, 0x0000000084000000, 0x0000000084000000|100%| O|  |TAMS 0x0000000083f00000| PB 0x0000000083f00000| Untracked 
|  64|0x0000000084000000, 0x0000000084100000, 0x0000000084100000|100%| O|  |TAMS 0x0000000084000000| PB 0x0000000084000000| Untracked 
|  65|0x0000000084100000, 0x0000000084200000, 0x0000000084200000|100%| O|  |TAMS 0x0000000084100000| PB 0x0000000084100000| Untracked 
|  66|0x0000000084200000, 0x0000000084300000, 0x0000000084300000|100%| O|  |TAMS 0x0000000084200000| PB 0x0000000084200000| Untracked 
|  67|0x0000000084300000, 0x0000000084400000, 0x0000000084400000|100%| O|  |TAMS 0x0000000084300000| PB 0x0000000084300000| Untracked 
|  68|0x0000000084400000, 0x0000000084500000, 0x0000000084500000|100%| O|  |TAMS 0x0000000084400000| PB 0x0000000084400000| Untracked 
|  69|0x0000000084500000, 0x0000000084600000, 0x0000000084600000|100%| O|  |TAMS 0x0000000084500000| PB 0x0000000084500000| Untracked 
|  70|0x0000000084600000, 0x0000000084700000, 0x0000000084700000|100%|HS|  |TAMS 0x0000000084600000| PB 0x0000000084600000| Complete 
|  71|0x0000000084700000, 0x0000000084800000, 0x0000000084800000|100%|HC|  |TAMS 0x0000000084700000| PB 0x0000000084700000| Complete 
|  72|0x0000000084800000, 0x0000000084900000, 0x0000000084900000|100%| O|  |TAMS 0x0000000084800000| PB 0x0000000084800000| Untracked 
|  73|0x0000000084900000, 0x0000000084a00000, 0x0000000084a00000|100%| O|  |TAMS 0x0000000084900000| PB 0x0000000084900000| Untracked 
|  74|0x0000000084a00000, 0x0000000084b00000, 0x0000000084b00000|100%| O|  |TAMS 0x0000000084a00000| PB 0x0000000084a00000| Untracked 
|  75|0x0000000084b00000, 0x0000000084c00000, 0x0000000084c00000|100%| O|  |TAMS 0x0000000084b00000| PB 0x0000000084b00000| Untracked 
|  76|0x0000000084c00000, 0x0000000084d00000, 0x0000000084d00000|100%| O|  |TAMS 0x0000000084c00000| PB 0x0000000084c00000| Untracked 
|  77|0x0000000084d00000, 0x0000000084e00000, 0x0000000084e00000|100%| O|  |TAMS 0x0000000084d00000| PB 0x0000000084d00000| Untracked 
|  78|0x0000000084e00000, 0x0000000084f00000, 0x0000000084f00000|100%| O|  |TAMS 0x0000000084e00000| PB 0x0000000084e00000| Untracked 
|  79|0x0000000084f00000, 0x0000000085000000, 0x0000000085000000|100%| O|  |TAMS 0x0000000084f00000| PB 0x0000000084f00000| Untracked 
|  80|0x0000000085000000, 0x0000000085100000, 0x0000000085100000|100%| O|  |TAMS 0x0000000085000000| PB 0x0000000085000000| Untracked 
|  81|0x0000000085100000, 0x0000000085200000, 0x0000000085200000|100%| O|  |TAMS 0x0000000085100000| PB 0x0000000085100000| Untracked 
|  82|0x0000000085200000, 0x0000000085300000, 0x0000000085300000|100%| O|  |TAMS 0x0000000085200000| PB 0x0000000085200000| Untracked 
|  83|0x0000000085300000, 0x0000000085400000, 0x0000000085400000|100%| O|  |TAMS 0x0000000085300000| PB 0x0000000085300000| Untracked 
|  84|0x0000000085400000, 0x0000000085500000, 0x0000000085500000|100%| O|  |TAMS 0x0000000085400000| PB 0x0000000085400000| Untracked 
|  85|0x0000000085500000, 0x0000000085600000, 0x0000000085600000|100%| O|  |TAMS 0x0000000085500000| PB 0x0000000085500000| Untracked 
|  86|0x0000000085600000, 0x0000000085700000, 0x0000000085700000|100%| O|  |TAMS 0x0000000085600000| PB 0x0000000085600000| Untracked 
|  87|0x0000000085700000, 0x0000000085800000, 0x0000000085800000|100%| O|  |TAMS 0x0000000085700000| PB 0x0000000085700000| Untracked 
|  88|0x0000000085800000, 0x0000000085900000, 0x0000000085900000|100%| O|  |TAMS 0x0000000085800000| PB 0x0000000085800000| Untracked 
|  89|0x0000000085900000, 0x0000000085a00000, 0x0000000085a00000|100%| O|  |TAMS 0x0000000085900000| PB 0x0000000085900000| Untracked 
|  90|0x0000000085a00000, 0x0000000085b00000, 0x0000000085b00000|100%| O|  |TAMS 0x0000000085a00000| PB 0x0000000085a00000| Untracked 
|  91|0x0000000085b00000, 0x0000000085c00000, 0x0000000085c00000|100%| O|  |TAMS 0x0000000085b00000| PB 0x0000000085b00000| Untracked 
|  92|0x0000000085c00000, 0x0000000085d00000, 0x0000000085d00000|100%| O|  |TAMS 0x0000000085c00000| PB 0x0000000085c00000| Untracked 
|  93|0x0000000085d00000, 0x0000000085e00000, 0x0000000085e00000|100%| O|  |TAMS 0x0000000085d00000| PB 0x0000000085d00000| Untracked 
|  94|0x0000000085e00000, 0x0000000085e00000, 0x0000000085f00000|  0%| F|  |TAMS 0x0000000085e00000| PB 0x0000000085e00000| Untracked 
|  95|0x0000000085f00000, 0x0000000086000000, 0x0000000086000000|100%| O|  |TAMS 0x0000000085f00000| PB 0x0000000085f00000| Untracked 
|  96|0x0000000086000000, 0x0000000086100000, 0x0000000086100000|100%| O|  |TAMS 0x0000000086000000| PB 0x0000000086000000| Untracked 
|  97|0x0000000086100000, 0x0000000086200000, 0x0000000086200000|100%| O|  |TAMS 0x0000000086100000| PB 0x0000000086100000| Untracked 
|  98|0x0000000086200000, 0x0000000086300000, 0x0000000086300000|100%| O|  |TAMS 0x0000000086200000| PB 0x0000000086200000| Untracked 
|  99|0x0000000086300000, 0x0000000086400000, 0x0000000086400000|100%|HS|  |TAMS 0x0000000086300000| PB 0x0000000086300000| Complete 
| 100|0x0000000086400000, 0x0000000086500000, 0x0000000086500000|100%| O|  |TAMS 0x0000000086400000| PB 0x0000000086400000| Untracked 
| 101|0x0000000086500000, 0x0000000086600000, 0x0000000086600000|100%| O|  |TAMS 0x0000000086500000| PB 0x0000000086500000| Untracked 
| 102|0x0000000086600000, 0x0000000086600000, 0x0000000086700000|  0%| F|  |TAMS 0x0000000086600000| PB 0x0000000086600000| Untracked 
| 103|0x0000000086700000, 0x0000000086700000, 0x0000000086800000|  0%| F|  |TAMS 0x0000000086700000| PB 0x0000000086700000| Untracked 
| 104|0x0000000086800000, 0x0000000086900000, 0x0000000086900000|100%| O|  |TAMS 0x0000000086800000| PB 0x0000000086800000| Untracked 
| 105|0x0000000086900000, 0x0000000086900000, 0x0000000086a00000|  0%| F|  |TAMS 0x0000000086900000| PB 0x0000000086900000| Untracked 
| 106|0x0000000086a00000, 0x0000000086b00000, 0x0000000086b00000|100%| O|  |TAMS 0x0000000086a00000| PB 0x0000000086a00000| Untracked 
| 107|0x0000000086b00000, 0x0000000086c00000, 0x0000000086c00000|100%| O|  |TAMS 0x0000000086b00000| PB 0x0000000086b00000| Untracked 
| 108|0x0000000086c00000, 0x0000000086d00000, 0x0000000086d00000|100%| O|  |TAMS 0x0000000086c00000| PB 0x0000000086c00000| Untracked 
| 109|0x0000000086d00000, 0x0000000086e00000, 0x0000000086e00000|100%| O|  |TAMS 0x0000000086d00000| PB 0x0000000086d00000| Untracked 
| 110|0x0000000086e00000, 0x0000000086f00000, 0x0000000086f00000|100%| O|  |TAMS 0x0000000086e00000| PB 0x0000000086e00000| Untracked 
| 111|0x0000000086f00000, 0x0000000087000000, 0x0000000087000000|100%| O|  |TAMS 0x0000000086f00000| PB 0x0000000086f00000| Untracked 
| 112|0x0000000087000000, 0x0000000087100000, 0x0000000087100000|100%| O|  |TAMS 0x0000000087000000| PB 0x0000000087000000| Untracked 
| 113|0x0000000087100000, 0x0000000087200000, 0x0000000087200000|100%| O|  |TAMS 0x0000000087100000| PB 0x0000000087100000| Untracked 
| 114|0x0000000087200000, 0x0000000087300000, 0x0000000087300000|100%| O|  |TAMS 0x0000000087200000| PB 0x0000000087200000| Untracked 
| 115|0x0000000087300000, 0x0000000087400000, 0x0000000087400000|100%| O|  |TAMS 0x0000000087300000| PB 0x0000000087300000| Untracked 
| 116|0x0000000087400000, 0x0000000087400000, 0x0000000087500000|  0%| F|  |TAMS 0x0000000087400000| PB 0x0000000087400000| Untracked 
| 117|0x0000000087500000, 0x0000000087500000, 0x0000000087600000|  0%| F|  |TAMS 0x0000000087500000| PB 0x0000000087500000| Untracked 
| 118|0x0000000087600000, 0x0000000087600000, 0x0000000087700000|  0%| F|  |TAMS 0x0000000087600000| PB 0x0000000087600000| Untracked 
| 119|0x0000000087700000, 0x0000000087800000, 0x0000000087800000|100%| O|  |TAMS 0x0000000087700000| PB 0x0000000087700000| Untracked 
| 120|0x0000000087800000, 0x0000000087900000, 0x0000000087900000|100%| O|  |TAMS 0x0000000087800000| PB 0x0000000087800000| Untracked 
| 121|0x0000000087900000, 0x0000000087a00000, 0x0000000087a00000|100%| O|  |TAMS 0x0000000087900000| PB 0x0000000087900000| Untracked 
| 122|0x0000000087a00000, 0x0000000087a00000, 0x0000000087b00000|  0%| F|  |TAMS 0x0000000087a00000| PB 0x0000000087a00000| Untracked 
| 123|0x0000000087b00000, 0x0000000087c00000, 0x0000000087c00000|100%| O|  |TAMS 0x0000000087b00000| PB 0x0000000087b00000| Untracked 
| 124|0x0000000087c00000, 0x0000000087d00000, 0x0000000087d00000|100%| O|  |TAMS 0x0000000087c00000| PB 0x0000000087c00000| Untracked 
| 125|0x0000000087d00000, 0x0000000087d00000, 0x0000000087e00000|  0%| F|  |TAMS 0x0000000087d00000| PB 0x0000000087d00000| Untracked 
| 126|0x0000000087e00000, 0x0000000087f00000, 0x0000000087f00000|100%| O|  |TAMS 0x0000000087e00000| PB 0x0000000087e00000| Untracked 
| 127|0x0000000087f00000, 0x0000000088000000, 0x0000000088000000|100%| O|  |TAMS 0x0000000087f00000| PB 0x0000000087f00000| Untracked 
| 128|0x0000000088000000, 0x0000000088100000, 0x0000000088100000|100%| O|  |TAMS 0x0000000088000000| PB 0x0000000088000000| Untracked 
| 129|0x0000000088100000, 0x0000000088200000, 0x0000000088200000|100%| O|  |TAMS 0x0000000088100000| PB 0x0000000088100000| Untracked 
| 130|0x0000000088200000, 0x0000000088300000, 0x0000000088300000|100%| O|  |TAMS 0x0000000088200000| PB 0x0000000088200000| Untracked 
| 131|0x0000000088300000, 0x0000000088400000, 0x0000000088400000|100%| O|  |TAMS 0x0000000088300000| PB 0x0000000088300000| Untracked 
| 132|0x0000000088400000, 0x0000000088500000, 0x0000000088500000|100%| O|  |TAMS 0x0000000088400000| PB 0x0000000088400000| Untracked 
| 133|0x0000000088500000, 0x0000000088600000, 0x0000000088600000|100%| O|  |TAMS 0x0000000088500000| PB 0x0000000088500000| Untracked 
| 134|0x0000000088600000, 0x0000000088700000, 0x0000000088700000|100%| O|  |TAMS 0x0000000088600000| PB 0x0000000088600000| Untracked 
| 135|0x0000000088700000, 0x0000000088800000, 0x0000000088800000|100%| O|  |TAMS 0x0000000088700000| PB 0x0000000088700000| Untracked 
| 136|0x0000000088800000, 0x0000000088800000, 0x0000000088900000|  0%| F|  |TAMS 0x0000000088800000| PB 0x0000000088800000| Untracked 
| 137|0x0000000088900000, 0x0000000088a00000, 0x0000000088a00000|100%| O|  |TAMS 0x0000000088900000| PB 0x0000000088900000| Untracked 
| 138|0x0000000088a00000, 0x0000000088a00000, 0x0000000088b00000|  0%| F|  |TAMS 0x0000000088a00000| PB 0x0000000088a00000| Untracked 
| 139|0x0000000088b00000, 0x0000000088b00000, 0x0000000088c00000|  0%| F|  |TAMS 0x0000000088b00000| PB 0x0000000088b00000| Untracked 
| 140|0x0000000088c00000, 0x0000000088d00000, 0x0000000088d00000|100%| O|  |TAMS 0x0000000088c00000| PB 0x0000000088c00000| Untracked 
| 141|0x0000000088d00000, 0x0000000088e00000, 0x0000000088e00000|100%| O|  |TAMS 0x0000000088d00000| PB 0x0000000088d00000| Untracked 
| 142|0x0000000088e00000, 0x0000000088f00000, 0x0000000088f00000|100%|HS|  |TAMS 0x0000000088e00000| PB 0x0000000088e00000| Complete 
| 143|0x0000000088f00000, 0x0000000088f00000, 0x0000000089000000|  0%| F|  |TAMS 0x0000000088f00000| PB 0x0000000088f00000| Untracked 
| 144|0x0000000089000000, 0x0000000089000000, 0x0000000089100000|  0%| F|  |TAMS 0x0000000089000000| PB 0x0000000089000000| Untracked 
| 145|0x0000000089100000, 0x0000000089100000, 0x0000000089200000|  0%| F|  |TAMS 0x0000000089100000| PB 0x0000000089100000| Untracked 
| 146|0x0000000089200000, 0x0000000089200000, 0x0000000089300000|  0%| F|  |TAMS 0x0000000089200000| PB 0x0000000089200000| Untracked 
| 147|0x0000000089300000, 0x0000000089300000, 0x0000000089400000|  0%| F|  |TAMS 0x0000000089300000| PB 0x0000000089300000| Untracked 
| 148|0x0000000089400000, 0x0000000089500000, 0x0000000089500000|100%| O|  |TAMS 0x0000000089400000| PB 0x0000000089400000| Untracked 
| 149|0x0000000089500000, 0x0000000089600000, 0x0000000089600000|100%| O|  |TAMS 0x0000000089500000| PB 0x0000000089500000| Untracked 
| 150|0x0000000089600000, 0x0000000089700000, 0x0000000089700000|100%| O|  |TAMS 0x0000000089600000| PB 0x0000000089600000| Untracked 
| 151|0x0000000089700000, 0x0000000089800000, 0x0000000089800000|100%| O|  |TAMS 0x0000000089700000| PB 0x0000000089700000| Untracked 
| 152|0x0000000089800000, 0x0000000089800000, 0x0000000089900000|  0%| F|  |TAMS 0x0000000089800000| PB 0x0000000089800000| Untracked 
| 153|0x0000000089900000, 0x0000000089a00000, 0x0000000089a00000|100%| O|  |TAMS 0x0000000089900000| PB 0x0000000089900000| Untracked 
| 154|0x0000000089a00000, 0x0000000089b00000, 0x0000000089b00000|100%| O|  |TAMS 0x0000000089a00000| PB 0x0000000089a00000| Untracked 
| 155|0x0000000089b00000, 0x0000000089c00000, 0x0000000089c00000|100%| O|  |TAMS 0x0000000089b00000| PB 0x0000000089b00000| Untracked 
| 156|0x0000000089c00000, 0x0000000089d00000, 0x0000000089d00000|100%| O|  |TAMS 0x0000000089c00000| PB 0x0000000089c00000| Untracked 
| 157|0x0000000089d00000, 0x0000000089e00000, 0x0000000089e00000|100%| O|  |TAMS 0x0000000089d00000| PB 0x0000000089d00000| Untracked 
| 158|0x0000000089e00000, 0x0000000089f00000, 0x0000000089f00000|100%| O|  |TAMS 0x0000000089e00000| PB 0x0000000089e00000| Untracked 
| 159|0x0000000089f00000, 0x000000008a000000, 0x000000008a000000|100%| O|  |TAMS 0x0000000089f00000| PB 0x0000000089f00000| Untracked 
| 160|0x000000008a000000, 0x000000008a100000, 0x000000008a100000|100%| O|  |TAMS 0x000000008a000000| PB 0x000000008a000000| Untracked 
| 161|0x000000008a100000, 0x000000008a200000, 0x000000008a200000|100%| O|  |TAMS 0x000000008a100000| PB 0x000000008a100000| Untracked 
| 162|0x000000008a200000, 0x000000008a200000, 0x000000008a300000|  0%| F|  |TAMS 0x000000008a200000| PB 0x000000008a200000| Untracked 
| 163|0x000000008a300000, 0x000000008a400000, 0x000000008a400000|100%| O|  |TAMS 0x000000008a300000| PB 0x000000008a300000| Untracked 
| 164|0x000000008a400000, 0x000000008a400000, 0x000000008a500000|  0%| F|  |TAMS 0x000000008a400000| PB 0x000000008a400000| Untracked 
| 165|0x000000008a500000, 0x000000008a600000, 0x000000008a600000|100%| O|  |TAMS 0x000000008a500000| PB 0x000000008a500000| Untracked 
| 166|0x000000008a600000, 0x000000008a700000, 0x000000008a700000|100%| O|  |TAMS 0x000000008a600000| PB 0x000000008a600000| Untracked 
| 167|0x000000008a700000, 0x000000008a800000, 0x000000008a800000|100%| O|  |TAMS 0x000000008a700000| PB 0x000000008a700000| Untracked 
| 168|0x000000008a800000, 0x000000008a800000, 0x000000008a900000|  0%| F|  |TAMS 0x000000008a800000| PB 0x000000008a800000| Untracked 
| 169|0x000000008a900000, 0x000000008aa00000, 0x000000008aa00000|100%| O|  |TAMS 0x000000008a900000| PB 0x000000008a900000| Untracked 
| 170|0x000000008aa00000, 0x000000008ab00000, 0x000000008ab00000|100%| O|  |TAMS 0x000000008aa00000| PB 0x000000008aa00000| Untracked 
| 171|0x000000008ab00000, 0x000000008ab00000, 0x000000008ac00000|  0%| F|  |TAMS 0x000000008ab00000| PB 0x000000008ab00000| Untracked 
| 172|0x000000008ac00000, 0x000000008ad00000, 0x000000008ad00000|100%| O|  |TAMS 0x000000008ac00000| PB 0x000000008ac00000| Untracked 
| 173|0x000000008ad00000, 0x000000008ae00000, 0x000000008ae00000|100%| O|  |TAMS 0x000000008ad00000| PB 0x000000008ad00000| Untracked 
| 174|0x000000008ae00000, 0x000000008af00000, 0x000000008af00000|100%| O|  |TAMS 0x000000008ae00000| PB 0x000000008ae00000| Untracked 
| 175|0x000000008af00000, 0x000000008b000000, 0x000000008b000000|100%| O|  |TAMS 0x000000008af00000| PB 0x000000008af00000| Untracked 
| 176|0x000000008b000000, 0x000000008b100000, 0x000000008b100000|100%| O|  |TAMS 0x000000008b000000| PB 0x000000008b000000| Untracked 
| 177|0x000000008b100000, 0x000000008b200000, 0x000000008b200000|100%| O|  |TAMS 0x000000008b100000| PB 0x000000008b100000| Untracked 
| 178|0x000000008b200000, 0x000000008b300000, 0x000000008b300000|100%| O|  |TAMS 0x000000008b200000| PB 0x000000008b200000| Untracked 
| 179|0x000000008b300000, 0x000000008b400000, 0x000000008b400000|100%| O|  |TAMS 0x000000008b300000| PB 0x000000008b300000| Untracked 
| 180|0x000000008b400000, 0x000000008b500000, 0x000000008b500000|100%| O|  |TAMS 0x000000008b400000| PB 0x000000008b400000| Untracked 
| 181|0x000000008b500000, 0x000000008b600000, 0x000000008b600000|100%| O|  |TAMS 0x000000008b500000| PB 0x000000008b500000| Untracked 
| 182|0x000000008b600000, 0x000000008b700000, 0x000000008b700000|100%|HS|  |TAMS 0x000000008b600000| PB 0x000000008b600000| Complete 
| 183|0x000000008b700000, 0x000000008b800000, 0x000000008b800000|100%| O|  |TAMS 0x000000008b700000| PB 0x000000008b700000| Untracked 
| 184|0x000000008b800000, 0x000000008b900000, 0x000000008b900000|100%| O|  |TAMS 0x000000008b800000| PB 0x000000008b800000| Untracked 
| 185|0x000000008b900000, 0x000000008ba00000, 0x000000008ba00000|100%| O|  |TAMS 0x000000008b900000| PB 0x000000008b900000| Untracked 
| 186|0x000000008ba00000, 0x000000008bb00000, 0x000000008bb00000|100%| O|  |TAMS 0x000000008ba00000| PB 0x000000008ba00000| Untracked 
| 187|0x000000008bb00000, 0x000000008bc00000, 0x000000008bc00000|100%| O|  |TAMS 0x000000008bb00000| PB 0x000000008bb00000| Untracked 
| 188|0x000000008bc00000, 0x000000008bd00000, 0x000000008bd00000|100%| O|  |TAMS 0x000000008bc00000| PB 0x000000008bc00000| Untracked 
| 189|0x000000008bd00000, 0x000000008be00000, 0x000000008be00000|100%| O|  |TAMS 0x000000008bd00000| PB 0x000000008bd00000| Untracked 
| 190|0x000000008be00000, 0x000000008bf00000, 0x000000008bf00000|100%| O|  |TAMS 0x000000008be00000| PB 0x000000008be00000| Untracked 
| 191|0x000000008bf00000, 0x000000008c000000, 0x000000008c000000|100%| O|  |TAMS 0x000000008bf00000| PB 0x000000008bf00000| Untracked 
| 192|0x000000008c000000, 0x000000008c100000, 0x000000008c100000|100%| O|  |TAMS 0x000000008c000000| PB 0x000000008c000000| Untracked 
| 193|0x000000008c100000, 0x000000008c200000, 0x000000008c200000|100%| O|  |TAMS 0x000000008c100000| PB 0x000000008c100000| Untracked 
| 194|0x000000008c200000, 0x000000008c300000, 0x000000008c300000|100%| O|  |TAMS 0x000000008c200000| PB 0x000000008c200000| Untracked 
| 195|0x000000008c300000, 0x000000008c400000, 0x000000008c400000|100%| O|  |TAMS 0x000000008c300000| PB 0x000000008c300000| Untracked 
| 196|0x000000008c400000, 0x000000008c500000, 0x000000008c500000|100%| O|  |TAMS 0x000000008c400000| PB 0x000000008c400000| Untracked 
| 197|0x000000008c500000, 0x000000008c600000, 0x000000008c600000|100%| O|  |TAMS 0x000000008c500000| PB 0x000000008c500000| Untracked 
| 198|0x000000008c600000, 0x000000008c700000, 0x000000008c700000|100%| O|  |TAMS 0x000000008c600000| PB 0x000000008c600000| Untracked 
| 199|0x000000008c700000, 0x000000008c800000, 0x000000008c800000|100%| O|  |TAMS 0x000000008c700000| PB 0x000000008c700000| Untracked 
| 200|0x000000008c800000, 0x000000008c900000, 0x000000008c900000|100%| O|  |TAMS 0x000000008c800000| PB 0x000000008c800000| Untracked 
| 201|0x000000008c900000, 0x000000008ca00000, 0x000000008ca00000|100%| O|  |TAMS 0x000000008c900000| PB 0x000000008c900000| Untracked 
| 202|0x000000008ca00000, 0x000000008cb00000, 0x000000008cb00000|100%| O|  |TAMS 0x000000008ca00000| PB 0x000000008ca00000| Untracked 
| 203|0x000000008cb00000, 0x000000008cc00000, 0x000000008cc00000|100%| O|  |TAMS 0x000000008cb00000| PB 0x000000008cb00000| Untracked 
| 204|0x000000008cc00000, 0x000000008cd00000, 0x000000008cd00000|100%| O|  |TAMS 0x000000008cc00000| PB 0x000000008cc00000| Untracked 
| 205|0x000000008cd00000, 0x000000008ce00000, 0x000000008ce00000|100%| O|  |TAMS 0x000000008cd00000| PB 0x000000008cd00000| Untracked 
| 206|0x000000008ce00000, 0x000000008cf00000, 0x000000008cf00000|100%| O|  |TAMS 0x000000008ce00000| PB 0x000000008ce00000| Untracked 
| 207|0x000000008cf00000, 0x000000008d000000, 0x000000008d000000|100%| O|  |TAMS 0x000000008cf00000| PB 0x000000008cf00000| Untracked 
| 208|0x000000008d000000, 0x000000008d100000, 0x000000008d100000|100%| O|  |TAMS 0x000000008d000000| PB 0x000000008d000000| Untracked 
| 209|0x000000008d100000, 0x000000008d200000, 0x000000008d200000|100%| O|  |TAMS 0x000000008d100000| PB 0x000000008d100000| Untracked 
| 210|0x000000008d200000, 0x000000008d300000, 0x000000008d300000|100%| O|  |TAMS 0x000000008d200000| PB 0x000000008d200000| Untracked 
| 211|0x000000008d300000, 0x000000008d400000, 0x000000008d400000|100%| O|  |TAMS 0x000000008d300000| PB 0x000000008d300000| Untracked 
| 212|0x000000008d400000, 0x000000008d500000, 0x000000008d500000|100%| O|  |TAMS 0x000000008d400000| PB 0x000000008d400000| Untracked 
| 213|0x000000008d500000, 0x000000008d600000, 0x000000008d600000|100%| O|  |TAMS 0x000000008d500000| PB 0x000000008d500000| Untracked 
| 214|0x000000008d600000, 0x000000008d700000, 0x000000008d700000|100%| O|  |TAMS 0x000000008d600000| PB 0x000000008d600000| Untracked 
| 215|0x000000008d700000, 0x000000008d800000, 0x000000008d800000|100%| O|  |TAMS 0x000000008d700000| PB 0x000000008d700000| Untracked 
| 216|0x000000008d800000, 0x000000008d900000, 0x000000008d900000|100%| O|  |TAMS 0x000000008d800000| PB 0x000000008d800000| Untracked 
| 217|0x000000008d900000, 0x000000008da00000, 0x000000008da00000|100%| O|  |TAMS 0x000000008d900000| PB 0x000000008d900000| Untracked 
| 218|0x000000008da00000, 0x000000008db00000, 0x000000008db00000|100%| O|  |TAMS 0x000000008da00000| PB 0x000000008da00000| Untracked 
| 219|0x000000008db00000, 0x000000008db80000, 0x000000008dc00000| 50%| O|  |TAMS 0x000000008db00000| PB 0x000000008db00000| Untracked 
| 220|0x000000008dc00000, 0x000000008dc00000, 0x000000008dd00000|  0%| F|  |TAMS 0x000000008dc00000| PB 0x000000008dc00000| Untracked 
| 221|0x000000008dd00000, 0x000000008dd00000, 0x000000008de00000|  0%| F|  |TAMS 0x000000008dd00000| PB 0x000000008dd00000| Untracked 
| 222|0x000000008de00000, 0x000000008de00000, 0x000000008df00000|  0%| F|  |TAMS 0x000000008de00000| PB 0x000000008de00000| Untracked 
| 223|0x000000008df00000, 0x000000008df00000, 0x000000008e000000|  0%| F|  |TAMS 0x000000008df00000| PB 0x000000008df00000| Untracked 
| 224|0x000000008e000000, 0x000000008e000000, 0x000000008e100000|  0%| F|  |TAMS 0x000000008e000000| PB 0x000000008e000000| Untracked 
| 225|0x000000008e100000, 0x000000008e100000, 0x000000008e200000|  0%| F|  |TAMS 0x000000008e100000| PB 0x000000008e100000| Untracked 
| 226|0x000000008e200000, 0x000000008e200000, 0x000000008e300000|  0%| F|  |TAMS 0x000000008e200000| PB 0x000000008e200000| Untracked 
| 227|0x000000008e300000, 0x000000008e300000, 0x000000008e400000|  0%| F|  |TAMS 0x000000008e300000| PB 0x000000008e300000| Untracked 
| 228|0x000000008e400000, 0x000000008e400000, 0x000000008e500000|  0%| F|  |TAMS 0x000000008e400000| PB 0x000000008e400000| Untracked 
| 229|0x000000008e500000, 0x000000008e500000, 0x000000008e600000|  0%| F|  |TAMS 0x000000008e500000| PB 0x000000008e500000| Untracked 
| 230|0x000000008e600000, 0x000000008e600000, 0x000000008e700000|  0%| F|  |TAMS 0x000000008e600000| PB 0x000000008e600000| Untracked 
| 231|0x000000008e700000, 0x000000008e700000, 0x000000008e800000|  0%| F|  |TAMS 0x000000008e700000| PB 0x000000008e700000| Untracked 
| 232|0x000000008e800000, 0x000000008e800000, 0x000000008e900000|  0%| F|  |TAMS 0x000000008e800000| PB 0x000000008e800000| Untracked 
| 233|0x000000008e900000, 0x000000008e900000, 0x000000008ea00000|  0%| F|  |TAMS 0x000000008e900000| PB 0x000000008e900000| Untracked 
| 234|0x000000008ea00000, 0x000000008ea00000, 0x000000008eb00000|  0%| F|  |TAMS 0x000000008ea00000| PB 0x000000008ea00000| Untracked 
| 235|0x000000008eb00000, 0x000000008eb00000, 0x000000008ec00000|  0%| F|  |TAMS 0x000000008eb00000| PB 0x000000008eb00000| Untracked 
| 236|0x000000008ec00000, 0x000000008ec00000, 0x000000008ed00000|  0%| F|  |TAMS 0x000000008ec00000| PB 0x000000008ec00000| Untracked 
| 237|0x000000008ed00000, 0x000000008ed00000, 0x000000008ee00000|  0%| F|  |TAMS 0x000000008ed00000| PB 0x000000008ed00000| Untracked 
| 238|0x000000008ee00000, 0x000000008ee00000, 0x000000008ef00000|  0%| F|  |TAMS 0x000000008ee00000| PB 0x000000008ee00000| Untracked 
| 239|0x000000008ef00000, 0x000000008ef00000, 0x000000008f000000|  0%| F|  |TAMS 0x000000008ef00000| PB 0x000000008ef00000| Untracked 
| 240|0x000000008f000000, 0x000000008f000000, 0x000000008f100000|  0%| F|  |TAMS 0x000000008f000000| PB 0x000000008f000000| Untracked 
| 241|0x000000008f100000, 0x000000008f100000, 0x000000008f200000|  0%| F|  |TAMS 0x000000008f100000| PB 0x000000008f100000| Untracked 
| 242|0x000000008f200000, 0x000000008f200000, 0x000000008f300000|  0%| F|  |TAMS 0x000000008f200000| PB 0x000000008f200000| Untracked 
| 243|0x000000008f300000, 0x000000008f300000, 0x000000008f400000|  0%| F|  |TAMS 0x000000008f300000| PB 0x000000008f300000| Untracked 
| 244|0x000000008f400000, 0x000000008f400000, 0x000000008f500000|  0%| F|  |TAMS 0x000000008f400000| PB 0x000000008f400000| Untracked 
| 245|0x000000008f500000, 0x000000008f500000, 0x000000008f600000|  0%| F|  |TAMS 0x000000008f500000| PB 0x000000008f500000| Untracked 
| 246|0x000000008f600000, 0x000000008f600000, 0x000000008f700000|  0%| F|  |TAMS 0x000000008f600000| PB 0x000000008f600000| Untracked 
| 247|0x000000008f700000, 0x000000008f700000, 0x000000008f800000|  0%| F|  |TAMS 0x000000008f700000| PB 0x000000008f700000| Untracked 
| 248|0x000000008f800000, 0x000000008f800000, 0x000000008f900000|  0%| F|  |TAMS 0x000000008f800000| PB 0x000000008f800000| Untracked 
| 249|0x000000008f900000, 0x000000008f900000, 0x000000008fa00000|  0%| F|  |TAMS 0x000000008f900000| PB 0x000000008f900000| Untracked 
| 250|0x000000008fa00000, 0x000000008fa00000, 0x000000008fb00000|  0%| F|  |TAMS 0x000000008fa00000| PB 0x000000008fa00000| Untracked 
| 251|0x000000008fb00000, 0x000000008fb00000, 0x000000008fc00000|  0%| F|  |TAMS 0x000000008fb00000| PB 0x000000008fb00000| Untracked 
| 252|0x000000008fc00000, 0x000000008fc00000, 0x000000008fd00000|  0%| F|  |TAMS 0x000000008fc00000| PB 0x000000008fc00000| Untracked 
| 253|0x000000008fd00000, 0x000000008fd00000, 0x000000008fe00000|  0%| F|  |TAMS 0x000000008fd00000| PB 0x000000008fd00000| Untracked 
| 254|0x000000008fe00000, 0x000000008fe00000, 0x000000008ff00000|  0%| F|  |TAMS 0x000000008fe00000| PB 0x000000008fe00000| Untracked 
| 255|0x000000008ff00000, 0x000000008ff00000, 0x0000000090000000|  0%| F|  |TAMS 0x000000008ff00000| PB 0x000000008ff00000| Untracked 
| 256|0x0000000090000000, 0x0000000090000000, 0x0000000090100000|  0%| F|  |TAMS 0x0000000090000000| PB 0x0000000090000000| Untracked 
| 257|0x0000000090100000, 0x0000000090100000, 0x0000000090200000|  0%| F|  |TAMS 0x0000000090100000| PB 0x0000000090100000| Untracked 
| 258|0x0000000090200000, 0x0000000090200000, 0x0000000090300000|  0%| F|  |TAMS 0x0000000090200000| PB 0x0000000090200000| Untracked 
| 259|0x0000000090300000, 0x0000000090300000, 0x0000000090400000|  0%| F|  |TAMS 0x0000000090300000| PB 0x0000000090300000| Untracked 
| 260|0x0000000090400000, 0x0000000090400000, 0x0000000090500000|  0%| F|  |TAMS 0x0000000090400000| PB 0x0000000090400000| Untracked 
| 261|0x0000000090500000, 0x0000000090500000, 0x0000000090600000|  0%| F|  |TAMS 0x0000000090500000| PB 0x0000000090500000| Untracked 
| 262|0x0000000090600000, 0x0000000090600000, 0x0000000090700000|  0%| F|  |TAMS 0x0000000090600000| PB 0x0000000090600000| Untracked 
| 263|0x0000000090700000, 0x0000000090800000, 0x0000000090800000|100%| S|CS|TAMS 0x0000000090700000| PB 0x0000000090700000| Complete 
| 264|0x0000000090800000, 0x0000000090900000, 0x0000000090900000|100%| S|CS|TAMS 0x0000000090800000| PB 0x0000000090800000| Complete 
| 265|0x0000000090900000, 0x0000000090900000, 0x0000000090a00000|  0%| F|  |TAMS 0x0000000090900000| PB 0x0000000090900000| Untracked 
| 266|0x0000000090a00000, 0x0000000090a00000, 0x0000000090b00000|  0%| F|  |TAMS 0x0000000090a00000| PB 0x0000000090a00000| Untracked 
| 267|0x0000000090b00000, 0x0000000090b00000, 0x0000000090c00000|  0%| F|  |TAMS 0x0000000090b00000| PB 0x0000000090b00000| Untracked 
| 268|0x0000000090c00000, 0x0000000090c00000, 0x0000000090d00000|  0%| F|  |TAMS 0x0000000090c00000| PB 0x0000000090c00000| Untracked 
| 269|0x0000000090d00000, 0x0000000090d00000, 0x0000000090e00000|  0%| F|  |TAMS 0x0000000090d00000| PB 0x0000000090d00000| Untracked 
| 270|0x0000000090e00000, 0x0000000090e00000, 0x0000000090f00000|  0%| F|  |TAMS 0x0000000090e00000| PB 0x0000000090e00000| Untracked 
| 271|0x0000000090f00000, 0x0000000090f00000, 0x0000000091000000|  0%| F|  |TAMS 0x0000000090f00000| PB 0x0000000090f00000| Untracked 
| 272|0x0000000091000000, 0x0000000091000000, 0x0000000091100000|  0%| F|  |TAMS 0x0000000091000000| PB 0x0000000091000000| Untracked 
| 273|0x0000000091100000, 0x0000000091100000, 0x0000000091200000|  0%| F|  |TAMS 0x0000000091100000| PB 0x0000000091100000| Untracked 
| 274|0x0000000091200000, 0x0000000091200000, 0x0000000091300000|  0%| F|  |TAMS 0x0000000091200000| PB 0x0000000091200000| Untracked 
| 275|0x0000000091300000, 0x0000000091300000, 0x0000000091400000|  0%| F|  |TAMS 0x0000000091300000| PB 0x0000000091300000| Untracked 
| 276|0x0000000091400000, 0x0000000091400000, 0x0000000091500000|  0%| F|  |TAMS 0x0000000091400000| PB 0x0000000091400000| Untracked 
| 277|0x0000000091500000, 0x0000000091500000, 0x0000000091600000|  0%| F|  |TAMS 0x0000000091500000| PB 0x0000000091500000| Untracked 
| 278|0x0000000091600000, 0x0000000091600000, 0x0000000091700000|  0%| F|  |TAMS 0x0000000091600000| PB 0x0000000091600000| Untracked 
| 279|0x0000000091700000, 0x0000000091700000, 0x0000000091800000|  0%| F|  |TAMS 0x0000000091700000| PB 0x0000000091700000| Untracked 
| 280|0x0000000091800000, 0x0000000091800000, 0x0000000091900000|  0%| F|  |TAMS 0x0000000091800000| PB 0x0000000091800000| Untracked 
| 281|0x0000000091900000, 0x0000000091900000, 0x0000000091a00000|  0%| F|  |TAMS 0x0000000091900000| PB 0x0000000091900000| Untracked 
| 282|0x0000000091a00000, 0x0000000091a00000, 0x0000000091b00000|  0%| F|  |TAMS 0x0000000091a00000| PB 0x0000000091a00000| Untracked 
| 283|0x0000000091b00000, 0x0000000091b00000, 0x0000000091c00000|  0%| F|  |TAMS 0x0000000091b00000| PB 0x0000000091b00000| Untracked 
| 284|0x0000000091c00000, 0x0000000091c00000, 0x0000000091d00000|  0%| F|  |TAMS 0x0000000091c00000| PB 0x0000000091c00000| Untracked 
| 285|0x0000000091d00000, 0x0000000091d00000, 0x0000000091e00000|  0%| F|  |TAMS 0x0000000091d00000| PB 0x0000000091d00000| Untracked 
| 286|0x0000000091e00000, 0x0000000091e00000, 0x0000000091f00000|  0%| F|  |TAMS 0x0000000091e00000| PB 0x0000000091e00000| Untracked 
| 287|0x0000000091f00000, 0x0000000091f00000, 0x0000000092000000|  0%| F|  |TAMS 0x0000000091f00000| PB 0x0000000091f00000| Untracked 
| 288|0x0000000092000000, 0x0000000092000000, 0x0000000092100000|  0%| F|  |TAMS 0x0000000092000000| PB 0x0000000092000000| Untracked 
| 289|0x0000000092100000, 0x0000000092100000, 0x0000000092200000|  0%| F|  |TAMS 0x0000000092100000| PB 0x0000000092100000| Untracked 
| 290|0x0000000092200000, 0x0000000092200000, 0x0000000092300000|  0%| F|  |TAMS 0x0000000092200000| PB 0x0000000092200000| Untracked 
| 291|0x0000000092300000, 0x0000000092300000, 0x0000000092400000|  0%| F|  |TAMS 0x0000000092300000| PB 0x0000000092300000| Untracked 
| 292|0x0000000092400000, 0x0000000092400000, 0x0000000092500000|  0%| F|  |TAMS 0x0000000092400000| PB 0x0000000092400000| Untracked 
| 293|0x0000000092500000, 0x0000000092500000, 0x0000000092600000|  0%| F|  |TAMS 0x0000000092500000| PB 0x0000000092500000| Untracked 
| 294|0x0000000092600000, 0x0000000092600000, 0x0000000092700000|  0%| F|  |TAMS 0x0000000092600000| PB 0x0000000092600000| Untracked 
| 295|0x0000000092700000, 0x0000000092700000, 0x0000000092800000|  0%| F|  |TAMS 0x0000000092700000| PB 0x0000000092700000| Untracked 
| 296|0x0000000092800000, 0x0000000092800000, 0x0000000092900000|  0%| F|  |TAMS 0x0000000092800000| PB 0x0000000092800000| Untracked 
| 297|0x0000000092900000, 0x0000000092900000, 0x0000000092a00000|  0%| F|  |TAMS 0x0000000092900000| PB 0x0000000092900000| Untracked 
| 298|0x0000000092a00000, 0x0000000092a00000, 0x0000000092b00000|  0%| F|  |TAMS 0x0000000092a00000| PB 0x0000000092a00000| Untracked 
| 299|0x0000000092b00000, 0x0000000092b00000, 0x0000000092c00000|  0%| F|  |TAMS 0x0000000092b00000| PB 0x0000000092b00000| Untracked 
| 300|0x0000000092c00000, 0x0000000092c00000, 0x0000000092d00000|  0%| F|  |TAMS 0x0000000092c00000| PB 0x0000000092c00000| Untracked 
| 301|0x0000000092d00000, 0x0000000092d00000, 0x0000000092e00000|  0%| F|  |TAMS 0x0000000092d00000| PB 0x0000000092d00000| Untracked 
| 302|0x0000000092e00000, 0x0000000092e00000, 0x0000000092f00000|  0%| F|  |TAMS 0x0000000092e00000| PB 0x0000000092e00000| Untracked 
| 303|0x0000000092f00000, 0x0000000092f00000, 0x0000000093000000|  0%| F|  |TAMS 0x0000000092f00000| PB 0x0000000092f00000| Untracked 
| 304|0x0000000093000000, 0x0000000093000000, 0x0000000093100000|  0%| F|  |TAMS 0x0000000093000000| PB 0x0000000093000000| Untracked 
| 305|0x0000000093100000, 0x0000000093100000, 0x0000000093200000|  0%| F|  |TAMS 0x0000000093100000| PB 0x0000000093100000| Untracked 
| 306|0x0000000093200000, 0x0000000093200000, 0x0000000093300000|  0%| F|  |TAMS 0x0000000093200000| PB 0x0000000093200000| Untracked 
| 307|0x0000000093300000, 0x0000000093300000, 0x0000000093400000|  0%| F|  |TAMS 0x0000000093300000| PB 0x0000000093300000| Untracked 
| 308|0x0000000093400000, 0x0000000093400000, 0x0000000093500000|  0%| F|  |TAMS 0x0000000093400000| PB 0x0000000093400000| Untracked 
| 309|0x0000000093500000, 0x0000000093500000, 0x0000000093600000|  0%| F|  |TAMS 0x0000000093500000| PB 0x0000000093500000| Untracked 
| 310|0x0000000093600000, 0x0000000093600000, 0x0000000093700000|  0%| F|  |TAMS 0x0000000093600000| PB 0x0000000093600000| Untracked 
| 311|0x0000000093700000, 0x0000000093700000, 0x0000000093800000|  0%| F|  |TAMS 0x0000000093700000| PB 0x0000000093700000| Untracked 
| 312|0x0000000093800000, 0x0000000093800000, 0x0000000093900000|  0%| F|  |TAMS 0x0000000093800000| PB 0x0000000093800000| Untracked 
| 313|0x0000000093900000, 0x0000000093900000, 0x0000000093a00000|  0%| F|  |TAMS 0x0000000093900000| PB 0x0000000093900000| Untracked 
| 314|0x0000000093a00000, 0x0000000093a00000, 0x0000000093b00000|  0%| F|  |TAMS 0x0000000093a00000| PB 0x0000000093a00000| Untracked 
| 315|0x0000000093b00000, 0x0000000093b00000, 0x0000000093c00000|  0%| F|  |TAMS 0x0000000093b00000| PB 0x0000000093b00000| Untracked 
| 316|0x0000000093c00000, 0x0000000093c00000, 0x0000000093d00000|  0%| F|  |TAMS 0x0000000093c00000| PB 0x0000000093c00000| Untracked 
| 317|0x0000000093d00000, 0x0000000093d00000, 0x0000000093e00000|  0%| F|  |TAMS 0x0000000093d00000| PB 0x0000000093d00000| Untracked 
| 318|0x0000000093e00000, 0x0000000093e00000, 0x0000000093f00000|  0%| F|  |TAMS 0x0000000093e00000| PB 0x0000000093e00000| Untracked 
| 319|0x0000000093f00000, 0x0000000093f00000, 0x0000000094000000|  0%| F|  |TAMS 0x0000000093f00000| PB 0x0000000093f00000| Untracked 
| 320|0x0000000094000000, 0x0000000094000000, 0x0000000094100000|  0%| F|  |TAMS 0x0000000094000000| PB 0x0000000094000000| Untracked 
| 321|0x0000000094100000, 0x0000000094100000, 0x0000000094200000|  0%| F|  |TAMS 0x0000000094100000| PB 0x0000000094100000| Untracked 
| 322|0x0000000094200000, 0x0000000094200000, 0x0000000094300000|  0%| F|  |TAMS 0x0000000094200000| PB 0x0000000094200000| Untracked 
| 323|0x0000000094300000, 0x0000000094300000, 0x0000000094400000|  0%| F|  |TAMS 0x0000000094300000| PB 0x0000000094300000| Untracked 
| 324|0x0000000094400000, 0x0000000094400000, 0x0000000094500000|  0%| F|  |TAMS 0x0000000094400000| PB 0x0000000094400000| Untracked 
| 325|0x0000000094500000, 0x0000000094500000, 0x0000000094600000|  0%| F|  |TAMS 0x0000000094500000| PB 0x0000000094500000| Untracked 
| 326|0x0000000094600000, 0x0000000094600000, 0x0000000094700000|  0%| F|  |TAMS 0x0000000094600000| PB 0x0000000094600000| Untracked 
| 327|0x0000000094700000, 0x0000000094700000, 0x0000000094800000|  0%| F|  |TAMS 0x0000000094700000| PB 0x0000000094700000| Untracked 
| 328|0x0000000094800000, 0x0000000094800000, 0x0000000094900000|  0%| F|  |TAMS 0x0000000094800000| PB 0x0000000094800000| Untracked 
| 329|0x0000000094900000, 0x0000000094900000, 0x0000000094a00000|  0%| F|  |TAMS 0x0000000094900000| PB 0x0000000094900000| Untracked 
| 330|0x0000000094a00000, 0x0000000094a00000, 0x0000000094b00000|  0%| F|  |TAMS 0x0000000094a00000| PB 0x0000000094a00000| Untracked 
|2006|0x00000000fd600000, 0x00000000fd600000, 0x00000000fd700000|  0%| F|  |TAMS 0x00000000fd600000| PB 0x00000000fd600000| Untracked 
|2007|0x00000000fd700000, 0x00000000fd700000, 0x00000000fd800000|  0%| F|  |TAMS 0x00000000fd700000| PB 0x00000000fd700000| Untracked 
|2008|0x00000000fd800000, 0x00000000fd800000, 0x00000000fd900000|  0%| F|  |TAMS 0x00000000fd800000| PB 0x00000000fd800000| Untracked 
|2009|0x00000000fd900000, 0x00000000fd900000, 0x00000000fda00000|  0%| F|  |TAMS 0x00000000fd900000| PB 0x00000000fd900000| Untracked 
|2010|0x00000000fda00000, 0x00000000fda00000, 0x00000000fdb00000|  0%| F|  |TAMS 0x00000000fda00000| PB 0x00000000fda00000| Untracked 
|2011|0x00000000fdb00000, 0x00000000fdb00000, 0x00000000fdc00000|  0%| F|  |TAMS 0x00000000fdb00000| PB 0x00000000fdb00000| Untracked 
|2012|0x00000000fdc00000, 0x00000000fdc00000, 0x00000000fdd00000|  0%| F|  |TAMS 0x00000000fdc00000| PB 0x00000000fdc00000| Untracked 
|2013|0x00000000fdd00000, 0x00000000fdd00000, 0x00000000fde00000|  0%| F|  |TAMS 0x00000000fdd00000| PB 0x00000000fdd00000| Untracked 
|2014|0x00000000fde00000, 0x00000000fde00000, 0x00000000fdf00000|  0%| F|  |TAMS 0x00000000fde00000| PB 0x00000000fde00000| Untracked 
|2015|0x00000000fdf00000, 0x00000000fdf00000, 0x00000000fe000000|  0%| F|  |TAMS 0x00000000fdf00000| PB 0x00000000fdf00000| Untracked 
|2016|0x00000000fe000000, 0x00000000fe000000, 0x00000000fe100000|  0%| F|  |TAMS 0x00000000fe000000| PB 0x00000000fe000000| Untracked 
|2017|0x00000000fe100000, 0x00000000fe200000, 0x00000000fe200000|100%| O|  |TAMS 0x00000000fe100000| PB 0x00000000fe100000| Untracked 
|2018|0x00000000fe200000, 0x00000000fe200000, 0x00000000fe300000|  0%| F|  |TAMS 0x00000000fe200000| PB 0x00000000fe200000| Untracked 
|2019|0x00000000fe300000, 0x00000000fe300000, 0x00000000fe400000|  0%| F|  |TAMS 0x00000000fe300000| PB 0x00000000fe300000| Untracked 
|2020|0x00000000fe400000, 0x00000000fe400000, 0x00000000fe500000|  0%| F|  |TAMS 0x00000000fe400000| PB 0x00000000fe400000| Untracked 
|2021|0x00000000fe500000, 0x00000000fe600000, 0x00000000fe600000|100%| O|  |TAMS 0x00000000fe500000| PB 0x00000000fe500000| Untracked 
|2022|0x00000000fe600000, 0x00000000fe600000, 0x00000000fe700000|  0%| F|  |TAMS 0x00000000fe600000| PB 0x00000000fe600000| Untracked 
|2023|0x00000000fe700000, 0x00000000fe800000, 0x00000000fe800000|100%| O|  |TAMS 0x00000000fe700000| PB 0x00000000fe700000| Untracked 
|2024|0x00000000fe800000, 0x00000000fe900000, 0x00000000fe900000|100%| O|  |TAMS 0x00000000fe800000| PB 0x00000000fe800000| Untracked 
|2025|0x00000000fe900000, 0x00000000fe900000, 0x00000000fea00000|  0%| F|  |TAMS 0x00000000fe900000| PB 0x00000000fe900000| Untracked 
|2026|0x00000000fea00000, 0x00000000feb00000, 0x00000000feb00000|100%| O|  |TAMS 0x00000000fea00000| PB 0x00000000fea00000| Untracked 
|2027|0x00000000feb00000, 0x00000000feb00000, 0x00000000fec00000|  0%| F|  |TAMS 0x00000000feb00000| PB 0x00000000feb00000| Untracked 
|2028|0x00000000fec00000, 0x00000000fed00000, 0x00000000fed00000|100%| O|  |TAMS 0x00000000fec00000| PB 0x00000000fec00000| Untracked 
|2029|0x00000000fed00000, 0x00000000fed00000, 0x00000000fee00000|  0%| F|  |TAMS 0x00000000fed00000| PB 0x00000000fed00000| Untracked 
|2030|0x00000000fee00000, 0x00000000fef00000, 0x00000000fef00000|100%| O|  |TAMS 0x00000000fee00000| PB 0x00000000fee00000| Untracked 
|2031|0x00000000fef00000, 0x00000000fef00000, 0x00000000ff000000|  0%| F|  |TAMS 0x00000000fef00000| PB 0x00000000fef00000| Untracked 
|2032|0x00000000ff000000, 0x00000000ff100000, 0x00000000ff100000|100%| O|  |TAMS 0x00000000ff000000| PB 0x00000000ff000000| Untracked 
|2033|0x00000000ff100000, 0x00000000ff100000, 0x00000000ff200000|  0%| F|  |TAMS 0x00000000ff100000| PB 0x00000000ff100000| Untracked 
|2034|0x00000000ff200000, 0x00000000ff300000, 0x00000000ff300000|100%| O|  |TAMS 0x00000000ff200000| PB 0x00000000ff200000| Untracked 
|2035|0x00000000ff300000, 0x00000000ff300000, 0x00000000ff400000|  0%| F|  |TAMS 0x00000000ff300000| PB 0x00000000ff300000| Untracked 
|2036|0x00000000ff400000, 0x00000000ff500000, 0x00000000ff500000|100%| O|  |TAMS 0x00000000ff400000| PB 0x00000000ff400000| Untracked 
|2037|0x00000000ff500000, 0x00000000ff500000, 0x00000000ff600000|  0%| F|  |TAMS 0x00000000ff500000| PB 0x00000000ff500000| Untracked 
|2038|0x00000000ff600000, 0x00000000ff600000, 0x00000000ff700000|  0%| F|  |TAMS 0x00000000ff600000| PB 0x00000000ff600000| Untracked 
|2039|0x00000000ff700000, 0x00000000ff700000, 0x00000000ff800000|  0%| F|  |TAMS 0x00000000ff700000| PB 0x00000000ff700000| Untracked 
|2040|0x00000000ff800000, 0x00000000ff800000, 0x00000000ff900000|  0%| F|  |TAMS 0x00000000ff800000| PB 0x00000000ff800000| Untracked 
|2041|0x00000000ff900000, 0x00000000ff900000, 0x00000000ffa00000|  0%| F|  |TAMS 0x00000000ff900000| PB 0x00000000ff900000| Untracked 
|2042|0x00000000ffa00000, 0x00000000ffa00000, 0x00000000ffb00000|  0%| F|  |TAMS 0x00000000ffa00000| PB 0x00000000ffa00000| Untracked 
|2043|0x00000000ffb00000, 0x00000000ffc00000, 0x00000000ffc00000|100%| O|  |TAMS 0x00000000ffb00000| PB 0x00000000ffb00000| Untracked 
|2044|0x00000000ffc00000, 0x00000000ffd00000, 0x00000000ffd00000|100%| O|  |TAMS 0x00000000ffc00000| PB 0x00000000ffc00000| Untracked 
|2045|0x00000000ffd00000, 0x00000000ffe00000, 0x00000000ffe00000|100%| O|  |TAMS 0x00000000ffd00000| PB 0x00000000ffd00000| Untracked 
|2046|0x00000000ffe00000, 0x00000000fff00000, 0x00000000fff00000|100%| O|  |TAMS 0x00000000ffe00000| PB 0x00000000ffe00000| Untracked 
|2047|0x00000000fff00000, 0x0000000100000000, 0x0000000100000000|100%| O|  |TAMS 0x00000000fff00000| PB 0x00000000fff00000| Untracked 

Card table byte_map: [0x000001f1d26a0000,0x000001f1d2aa0000] _byte_map_base: 0x000001f1d22a0000

Marking Bits: (CMBitMap*) 0x000001f1c0196a70
 Bits: [0x000001f1d2aa0000, 0x000001f1d4aa0000)

Polling page: 0x000001f1bf910000

Metaspace:

Usage:
  Non-class:     55.45 MB used.
      Class:      8.98 MB used.
       Both:     64.42 MB used.

Virtual space:
  Non-class space:       64.00 MB reserved,      56.19 MB ( 88%) committed,  1 nodes.
      Class space:        1.00 GB reserved,       9.69 MB ( <1%) committed,  1 nodes.
             Both:        1.06 GB reserved,      65.88 MB (  6%) committed. 

Chunk freelists:
   Non-Class:  7.12 MB
       Class:  6.34 MB
        Both:  13.46 MB

MaxMetaspaceSize: unlimited
CompressedClassSpaceSize: 1.00 GB
Initial GC threshold: 21.00 MB
Current GC threshold: 109.69 MB
CDS: off
 - commit_granule_bytes: 65536.
 - commit_granule_words: 8192.
 - virtual_space_node_default_size: 8388608.
 - enlarge_chunks_in_place: 1.
 - use_allocation_guard: 0.


Internal statistics:

num_allocs_failed_limit: 6.
num_arena_births: 2750.
num_arena_deaths: 8.
num_vsnodes_births: 2.
num_vsnodes_deaths: 0.
num_space_committed: 1054.
num_space_uncommitted: 0.
num_chunks_returned_to_freelist: 18.
num_chunks_taken_from_freelist: 5372.
num_chunk_merges: 6.
num_chunk_splits: 3456.
num_chunks_enlarged: 2140.
num_inconsistent_stats: 0.

CodeHeap 'non-profiled nmethods': size=120000Kb used=6528Kb max_used=6618Kb free=113472Kb
 bounds [0x000001f1cad70000, 0x000001f1cb3f0000, 0x000001f1d22a0000]
CodeHeap 'profiled nmethods': size=120000Kb used=12842Kb max_used=13226Kb free=107157Kb
 bounds [0x000001f1c32a0000, 0x000001f1c3f90000, 0x000001f1ca7d0000]
CodeHeap 'non-nmethods': size=5760Kb used=2725Kb max_used=2837Kb free=3034Kb
 bounds [0x000001f1ca7d0000, 0x000001f1caad0000, 0x000001f1cad70000]
CodeCache: size=245760Kb, used=22095Kb, max_used=22681Kb, free=223663Kb
 total_blobs=8144, nmethods=7269, adapters=779, full_count=0
Compilation: enabled, stopped_count=0, restarted_count=0

Compilation events (20 events):
Event: 31.469 Thread 0x000001f1dc500b60 nmethod 9539 0x000001f1cb14a310 code [0x000001f1cb14a8a0, 0x000001f1cb14f1b8]
Event: 31.493 Thread 0x000001f1d71f0ce0 9543       3       org.objectweb.asm.ClassReader::readCode (5117 bytes)
Event: 31.513 Thread 0x000001f1d71f0ce0 nmethod 9543 0x000001f1c3e50410 code [0x000001f1c3e519c0, 0x000001f1c3e623e0]
Event: 31.513 Thread 0x000001f1d71f0ce0 9544       2       org.objectweb.asm.MethodWriter::visitVarInsn (302 bytes)
Event: 31.513 Thread 0x000001f1d71f0ce0 nmethod 9544 0x000001f1c331d390 code [0x000001f1c331d5a0, 0x000001f1c331da28]
Event: 31.514 Thread 0x000001f1dc500b60 9545       4       java.lang.System$2::getUTF16Char (6 bytes)
Event: 31.514 Thread 0x000001f1d71e6ae0 9546       4       java.lang.StringUTF16::charAt (11 bytes)
Event: 31.514 Thread 0x000001f1dc500b60 nmethod 9545 0x000001f1cb2f2a90 code [0x000001f1cb2f2c20, 0x000001f1cb2f2cb0]
Event: 31.515 Thread 0x000001f1d71e6ae0 nmethod 9546 0x000001f1cb170310 code [0x000001f1cb1704a0, 0x000001f1cb170550]
Event: 31.517 Thread 0x000001f1dc500b60 9547 %     4       org.objectweb.asm.ClassReader::readCode @ 1561 (5117 bytes)
Event: 31.518 Thread 0x000001f1d71e6ae0 9548       4       org.objectweb.asm.MethodWriter::visitVarInsn (302 bytes)
Event: 31.524 Thread 0x000001f1d71e6ae0 nmethod 9548 0x000001f1cb2d5810 code [0x000001f1cb2d5a20, 0x000001f1cb2d60e8]
Event: 31.609 Thread 0x000001f1d71e6ae0 9549       4       org.gradle.internal.classpath.transforms.AdhocInterceptors::visitINVOKESTATIC (780 bytes)
Event: 31.707 Thread 0x000001f1d71e6ae0 nmethod 9549 0x000001f1cb076c90 code [0x000001f1cb077480, 0x000001f1cb07c080]
Event: 31.707 Thread 0x000001f1d71e6ae0 9550       4       org.objectweb.asm.ClassReader::readBootstrapMethodsAttribute (131 bytes)
Event: 31.726 Thread 0x000001f1d71e6ae0 nmethod 9550 0x000001f1cb148810 code [0x000001f1cb148a40, 0x000001f1cb1498a8]
Event: 31.727 Thread 0x000001f1d71e6ae0 9551       4       org.objectweb.asm.Type::getArgumentTypes (94 bytes)
Event: 31.751 Thread 0x000001f1d71e6ae0 nmethod 9551 0x000001f1cb1b8f90 code [0x000001f1cb1b9260, 0x000001f1cb1ba890]
Event: 31.757 Thread 0x000001f1d71f0ce0 9552       3       org.objectweb.asm.tree.FieldNode::visitEnd (1 bytes)
Event: 31.758 Thread 0x000001f1d71f0ce0 nmethod 9552 0x000001f1c3363790 code [0x000001f1c3363920, 0x000001f1c3363a28]

GC Heap History (20 events):
Event: 27.335 GC heap after
{Heap after GC invocations=61 (full 0):
 garbage-first heap   total 229376K, used 110482K [0x0000000080000000, 0x0000000100000000)
  region size 1024K, 10 young (10240K), 10 survivors (10240K)
 Metaspace       used 65607K, committed 67136K, reserved 1114112K
  class space    used 9195K, committed 9920K, reserved 1048576K
}
Event: 27.557 GC heap before
{Heap before GC invocations=61 (full 0):
 garbage-first heap   total 229376K, used 173970K [0x0000000080000000, 0x0000000100000000)
  region size 1024K, 73 young (74752K), 10 survivors (10240K)
 Metaspace       used 65607K, committed 67136K, reserved 1114112K
  class space    used 9195K, committed 9920K, reserved 1048576K
}
Event: 27.571 GC heap after
{Heap after GC invocations=62 (full 0):
 garbage-first heap   total 229376K, used 121483K [0x0000000080000000, 0x0000000100000000)
  region size 1024K, 13 young (13312K), 13 survivors (13312K)
 Metaspace       used 65607K, committed 67136K, reserved 1114112K
  class space    used 9195K, committed 9920K, reserved 1048576K
}
Event: 28.342 GC heap before
{Heap before GC invocations=63 (full 0):
 garbage-first heap   total 229376K, used 208523K [0x0000000080000000, 0x0000000100000000)
  region size 1024K, 93 young (95232K), 13 survivors (13312K)
 Metaspace       used 65703K, committed 67200K, reserved 1114112K
  class space    used 9189K, committed 9920K, reserved 1048576K
}
Event: 28.407 GC heap after
{Heap after GC invocations=64 (full 0):
 garbage-first heap   total 270336K, used 174592K [0x0000000080000000, 0x0000000100000000)
  region size 1024K, 12 young (12288K), 12 survivors (12288K)
 Metaspace       used 65703K, committed 67200K, reserved 1114112K
  class space    used 9189K, committed 9920K, reserved 1048576K
}
Event: 29.487 GC heap before
{Heap before GC invocations=64 (full 0):
 garbage-first heap   total 270336K, used 225792K [0x0000000080000000, 0x0000000100000000)
  region size 1024K, 63 young (64512K), 12 survivors (12288K)
 Metaspace       used 65847K, committed 67392K, reserved 1114112K
  class space    used 9189K, committed 9920K, reserved 1048576K
}
Event: 29.514 GC heap after
{Heap after GC invocations=65 (full 0):
 garbage-first heap   total 270336K, used 186368K [0x0000000080000000, 0x0000000100000000)
  region size 1024K, 8 young (8192K), 8 survivors (8192K)
 Metaspace       used 65847K, committed 67392K, reserved 1114112K
  class space    used 9189K, committed 9920K, reserved 1048576K
}
Event: 29.534 GC heap before
{Heap before GC invocations=65 (full 0):
 garbage-first heap   total 270336K, used 191488K [0x0000000080000000, 0x0000000100000000)
  region size 1024K, 14 young (14336K), 8 survivors (8192K)
 Metaspace       used 65858K, committed 67392K, reserved 1114112K
  class space    used 9189K, committed 9920K, reserved 1048576K
}
Event: 29.549 GC heap after
{Heap after GC invocations=66 (full 0):
 garbage-first heap   total 381952K, used 192132K [0x0000000080000000, 0x0000000100000000)
  region size 1024K, 5 young (5120K), 5 survivors (5120K)
 Metaspace       used 65858K, committed 67392K, reserved 1114112K
  class space    used 9189K, committed 9920K, reserved 1048576K
}
Event: 29.555 GC heap before
{Heap before GC invocations=66 (full 0):
 garbage-first heap   total 381952K, used 193156K [0x0000000080000000, 0x0000000100000000)
  region size 1024K, 5 young (5120K), 5 survivors (5120K)
 Metaspace       used 65858K, committed 67392K, reserved 1114112K
  class space    used 9189K, committed 9920K, reserved 1048576K
}
Event: 29.562 GC heap after
{Heap after GC invocations=67 (full 0):
 garbage-first heap   total 381952K, used 193086K [0x0000000080000000, 0x0000000100000000)
  region size 1024K, 5 young (5120K), 5 survivors (5120K)
 Metaspace       used 65858K, committed 67392K, reserved 1114112K
  class space    used 9189K, committed 9920K, reserved 1048576K
}
Event: 30.063 GC heap before
{Heap before GC invocations=68 (full 0):
 garbage-first heap   total 381952K, used 284222K [0x0000000080000000, 0x0000000100000000)
  region size 1024K, 100 young (102400K), 5 survivors (5120K)
 Metaspace       used 65884K, committed 67392K, reserved 1114112K
  class space    used 9189K, committed 9920K, reserved 1048576K
}
Event: 30.104 GC heap after
{Heap after GC invocations=69 (full 0):
 garbage-first heap   total 381952K, used 217600K [0x0000000080000000, 0x0000000100000000)
  region size 1024K, 13 young (13312K), 13 survivors (13312K)
 Metaspace       used 65884K, committed 67392K, reserved 1114112K
  class space    used 9189K, committed 9920K, reserved 1048576K
}
Event: 30.432 GC heap before
{Heap before GC invocations=69 (full 0):
 garbage-first heap   total 381952K, used 304640K [0x0000000080000000, 0x0000000100000000)
  region size 1024K, 97 young (99328K), 13 survivors (13312K)
 Metaspace       used 65905K, committed 67456K, reserved 1114112K
  class space    used 9189K, committed 9920K, reserved 1048576K
}
Event: 30.487 GC heap after
{Heap after GC invocations=70 (full 0):
 garbage-first heap   total 381952K, used 210432K [0x0000000080000000, 0x0000000100000000)
  region size 1024K, 13 young (13312K), 13 survivors (13312K)
 Metaspace       used 65905K, committed 67456K, reserved 1114112K
  class space    used 9189K, committed 9920K, reserved 1048576K
}
Event: 30.794 GC heap before
{Heap before GC invocations=70 (full 0):
 garbage-first heap   total 381952K, used 302592K [0x0000000080000000, 0x0000000100000000)
  region size 1024K, 103 young (105472K), 13 survivors (13312K)
 Metaspace       used 65938K, committed 67456K, reserved 1114112K
  class space    used 9189K, committed 9920K, reserved 1048576K
}
Event: 30.818 GC heap after
{Heap after GC invocations=71 (full 0):
 garbage-first heap   total 381952K, used 224768K [0x0000000080000000, 0x0000000100000000)
  region size 1024K, 13 young (13312K), 13 survivors (13312K)
 Metaspace       used 65938K, committed 67456K, reserved 1114112K
  class space    used 9189K, committed 9920K, reserved 1048576K
}
Event: 31.360 GC heap before
{Heap before GC invocations=72 (full 0):
 garbage-first heap   total 381952K, used 309760K [0x0000000080000000, 0x0000000100000000)
  region size 1024K, 100 young (102400K), 13 survivors (13312K)
 Metaspace       used 65969K, committed 67456K, reserved 1114112K
  class space    used 9191K, committed 9920K, reserved 1048576K
}
Event: 31.400 GC heap after
{Heap after GC invocations=73 (full 0):
 garbage-first heap   total 381952K, used 237056K [0x0000000080000000, 0x0000000100000000)
  region size 1024K, 13 young (13312K), 13 survivors (13312K)
 Metaspace       used 65969K, committed 67456K, reserved 1114112K
  class space    used 9191K, committed 9920K, reserved 1048576K
}
Event: 31.760 GC heap before
{Heap before GC invocations=73 (full 0):
 garbage-first heap   total 381952K, used 321024K [0x0000000080000000, 0x0000000100000000)
  region size 1024K, 95 young (97280K), 13 survivors (13312K)
 Metaspace       used 65969K, committed 67456K, reserved 1114112K
  class space    used 9191K, committed 9920K, reserved 1048576K
}

Dll operation events (3 events):
Event: 0.028 Loaded shared library C:\Program Files\Android\Android Studio\jbr\bin\java.dll
Event: 0.035 Loaded shared library C:\Program Files\Android\Android Studio\jbr\bin\zip.dll
Event: 0.577 Loaded shared library C:\Program Files\Android\Android Studio\jbr\bin\verify.dll

Deoptimization events (20 events):
Event: 31.698 Thread 0x000001f1df9b0a50 DEOPT PACKING pc=0x000001f1c3e60612 sp=0x000000489e1fa6f0
Event: 31.698 Thread 0x000001f1df9b0a50 DEOPT UNPACKING pc=0x000001f1ca824e23 sp=0x000000489e1f9e00 mode 0
Event: 31.700 Thread 0x000001f1df9b0a50 DEOPT PACKING pc=0x000001f1c3e60612 sp=0x000000489e1fa6f0
Event: 31.700 Thread 0x000001f1df9b0a50 DEOPT UNPACKING pc=0x000001f1ca824e23 sp=0x000000489e1f9e00 mode 0
Event: 31.717 Thread 0x000001f1df9b0a50 DEOPT PACKING pc=0x000001f1c3e60612 sp=0x000000489e1fa6f0
Event: 31.717 Thread 0x000001f1df9b0a50 DEOPT UNPACKING pc=0x000001f1ca824e23 sp=0x000000489e1f9e00 mode 0
Event: 31.722 Thread 0x000001f1df9b0a50 DEOPT PACKING pc=0x000001f1c3e60612 sp=0x000000489e1fa6f0
Event: 31.722 Thread 0x000001f1df9b0a50 DEOPT UNPACKING pc=0x000001f1ca824e23 sp=0x000000489e1f9e00 mode 0
Event: 31.730 Thread 0x000001f1df9b0a50 DEOPT PACKING pc=0x000001f1c3e60612 sp=0x000000489e1fa6f0
Event: 31.730 Thread 0x000001f1df9b0a50 DEOPT UNPACKING pc=0x000001f1ca824e23 sp=0x000000489e1f9e00 mode 0
Event: 31.736 Thread 0x000001f1df9b0a50 DEOPT PACKING pc=0x000001f1c3e60612 sp=0x000000489e1fa6f0
Event: 31.736 Thread 0x000001f1df9b0a50 DEOPT UNPACKING pc=0x000001f1ca824e23 sp=0x000000489e1f9e00 mode 0
Event: 31.740 Thread 0x000001f1df9b0a50 DEOPT PACKING pc=0x000001f1c3e60612 sp=0x000000489e1fa6f0
Event: 31.740 Thread 0x000001f1df9b0a50 DEOPT UNPACKING pc=0x000001f1ca824e23 sp=0x000000489e1f9e00 mode 0
Event: 31.743 Thread 0x000001f1df9b0a50 DEOPT PACKING pc=0x000001f1c3e60612 sp=0x000000489e1fa6f0
Event: 31.743 Thread 0x000001f1df9b0a50 DEOPT UNPACKING pc=0x000001f1ca824e23 sp=0x000000489e1f9e00 mode 0
Event: 31.746 Thread 0x000001f1df9b0a50 DEOPT PACKING pc=0x000001f1c3e60612 sp=0x000000489e1fa6f0
Event: 31.746 Thread 0x000001f1df9b0a50 DEOPT UNPACKING pc=0x000001f1ca824e23 sp=0x000000489e1f9e00 mode 0
Event: 31.753 Thread 0x000001f1df9b0a50 DEOPT PACKING pc=0x000001f1c3e60612 sp=0x000000489e1fa6f0
Event: 31.753 Thread 0x000001f1df9b0a50 DEOPT UNPACKING pc=0x000001f1ca824e23 sp=0x000000489e1f9e00 mode 0

Classes loaded (20 events):
Event: 14.258 Loading class java/nio/StringCharBuffer
Event: 14.258 Loading class java/nio/StringCharBuffer done
Event: 14.283 Loading class java/security/Key
Event: 14.283 Loading class java/security/Key done
Event: 15.471 Loading class java/lang/foreign/MemorySegment
Event: 15.472 Loading class java/lang/foreign/MemorySegment done
Event: 23.729 Loading class java/util/stream/SortedOps$OfRef
Event: 23.729 Loading class java/util/stream/SortedOps$OfRef done
Event: 23.730 Loading class java/util/stream/SortedOps$SizedRefSortingSink
Event: 23.730 Loading class java/util/stream/SortedOps$AbstractRefSortingSink
Event: 23.730 Loading class java/util/stream/SortedOps$AbstractRefSortingSink done
Event: 23.730 Loading class java/util/stream/SortedOps$SizedRefSortingSink done
Event: 23.738 Loading class java/util/HashMap$EntrySpliterator
Event: 23.738 Loading class java/util/HashMap$EntrySpliterator done
Event: 23.738 Loading class java/util/stream/SortedOps$RefSortingSink
Event: 23.738 Loading class java/util/stream/SortedOps$RefSortingSink done
Event: 25.286 Loading class java/lang/ThreadDeath
Event: 25.286 Loading class java/lang/ThreadDeath done
Event: 25.286 Loading class sun/misc/SharedSecrets
Event: 25.286 Loading class sun/misc/SharedSecrets done

Classes unloaded (11 events):
Event: 12.619 Thread 0x000001f1bde1d5c0 Unloading class 0x00000001007e8568 '_BuildScript_$_run_closure1'
Event: 12.619 Thread 0x000001f1bde1d5c0 Unloading class 0x00000001007e8000 '_BuildScript_'
Event: 13.703 Thread 0x000001f1bde1d5c0 Unloading class 0x0000000100890988 '_BuildScript_$_run_closure1$_closure2'
Event: 13.703 Thread 0x000001f1bde1d5c0 Unloading class 0x0000000100890568 '_BuildScript_$_run_closure1'
Event: 13.703 Thread 0x000001f1bde1d5c0 Unloading class 0x0000000100890000 '_BuildScript_'
Event: 27.730 Thread 0x000001f1bde1d5c0 Unloading class 0x00000001009a8988 '_BuildScript_$_run_closure1$_closure2'
Event: 27.730 Thread 0x000001f1bde1d5c0 Unloading class 0x00000001009a8568 '_BuildScript_$_run_closure1'
Event: 27.730 Thread 0x000001f1bde1d5c0 Unloading class 0x00000001009a8000 '_BuildScript_'
Event: 27.730 Thread 0x000001f1bde1d5c0 Unloading class 0x00000001009a0988 '_BuildScript_$_run_closure2'
Event: 27.730 Thread 0x000001f1bde1d5c0 Unloading class 0x00000001009a0568 '_BuildScript_$_run_closure1'
Event: 27.730 Thread 0x000001f1bde1d5c0 Unloading class 0x00000001009a0000 '_BuildScript_'

Classes redefined (0 events):
No events

Internal exceptions (20 events):
Event: 25.936 Thread 0x000001f1ded62880 Exception <a 'sun/nio/fs/WindowsException'{0x00000000889cc1e8}> (0x00000000889cc1e8) 
thrown [s\src\hotspot\share\prims\jni.cpp, line 537]
Event: 25.945 Thread 0x000001f1dd2e2b90 Exception <a 'java/lang/ClassNotFoundException'{0x00000000889f0608}: ijInit2_5eguwefn4k5y5xinrfqhr610jBeanInfo> (0x00000000889f0608) 
thrown [s\src\hotspot\share\classfile\systemDictionary.cpp, line 312]
Event: 25.946 Thread 0x000001f1dd2e2b90 Exception <a 'java/lang/ClassNotFoundException'{0x00000000889f7128}: ijInit2_5eguwefn4k5y5xinrfqhr610jCustomizer> (0x00000000889f7128) 
thrown [s\src\hotspot\share\classfile\systemDictionary.cpp, line 312]
Event: 25.953 Thread 0x000001f1dd2e2b90 Exception <a 'java/lang/ClassNotFoundException'{0x000000008883aa60}: ijInit2_5eguwefn4k5y5xinrfqhr610j$_run_closure1BeanInfo> (0x000000008883aa60) 
thrown [s\src\hotspot\share\classfile\systemDictionary.cpp, line 312]
Event: 25.954 Thread 0x000001f1dd2e2b90 Exception <a 'java/lang/ClassNotFoundException'{0x0000000088841e28}: ijInit2_5eguwefn4k5y5xinrfqhr610j$_run_closure1Customizer> (0x0000000088841e28) 
thrown [s\src\hotspot\share\classfile\systemDictionary.cpp, line 312]
Event: 28.259 Thread 0x000001f1df9b0a50 Exception <a 'sun/nio/fs/WindowsException'{0x0000000088702a10}> (0x0000000088702a10) 
thrown [s\src\hotspot\share\prims\jni.cpp, line 537]
Event: 28.262 Thread 0x000001f1df9adc60 Exception <a 'sun/nio/fs/WindowsException'{0x0000000088893210}> (0x0000000088893210) 
thrown [s\src\hotspot\share\prims\jni.cpp, line 537]
Event: 28.888 Thread 0x000001f1df9b0a50 Exception <a 'sun/nio/fs/WindowsException'{0x000000008d1f1838}> (0x000000008d1f1838) 
thrown [s\src\hotspot\share\prims\jni.cpp, line 537]
Event: 28.896 Thread 0x000001f1df9af010 Exception <a 'sun/nio/fs/WindowsException'{0x000000008d063d78}> (0x000000008d063d78) 
thrown [s\src\hotspot\share\prims\jni.cpp, line 537]
Event: 28.935 Thread 0x000001f1dd2e2b90 Exception <a 'sun/nio/fs/WindowsException'{0x000000008fb85ab8}> (0x000000008fb85ab8) 
thrown [s\src\hotspot\share\prims\jni.cpp, line 537]
Event: 28.936 Thread 0x000001f1df9adc60 Exception <a 'sun/nio/fs/WindowsException'{0x000000008d318db8}> (0x000000008d318db8) 
thrown [s\src\hotspot\share\prims\jni.cpp, line 537]
Event: 29.168 Thread 0x000001f1df9af010 Exception <a 'sun/nio/fs/WindowsException'{0x000000008c56a2c8}> (0x000000008c56a2c8) 
thrown [s\src\hotspot\share\prims\jni.cpp, line 537]
Event: 29.272 Thread 0x000001f1dd2e2b90 Exception <a 'sun/nio/fs/WindowsException'{0x000000008c67add0}> (0x000000008c67add0) 
thrown [s\src\hotspot\share\prims\jni.cpp, line 537]
Event: 29.702 Thread 0x000001f1df9adc60 Exception <a 'sun/nio/fs/WindowsException'{0x00000000945e4028}> (0x00000000945e4028) 
thrown [s\src\hotspot\share\prims\jni.cpp, line 537]
Event: 30.214 Thread 0x000001f1df9af010 Exception <a 'sun/nio/fs/WindowsException'{0x000000009351af00}> (0x000000009351af00) 
thrown [s\src\hotspot\share\prims\jni.cpp, line 537]
Event: 30.345 Thread 0x000001f1dd2e2b90 Exception <a 'sun/nio/fs/WindowsException'{0x000000009431a748}> (0x000000009431a748) 
thrown [s\src\hotspot\share\prims\jni.cpp, line 537]
Event: 30.716 Thread 0x000001f1dd2e2b90 Exception <a 'sun/nio/fs/WindowsException'{0x0000000094126870}> (0x0000000094126870) 
thrown [s\src\hotspot\share\prims\jni.cpp, line 537]
Event: 30.848 Thread 0x000001f1df9af010 Exception <a 'sun/nio/fs/WindowsException'{0x00000000ff100720}> (0x00000000ff100720) 
thrown [s\src\hotspot\share\prims\jni.cpp, line 537]
Event: 30.953 Thread 0x000001f1df9b0a50 Exception <a 'sun/nio/fs/WindowsException'{0x00000000946c2da0}> (0x00000000946c2da0) 
thrown [s\src\hotspot\share\prims\jni.cpp, line 537]
Event: 30.955 Thread 0x000001f1df9adc60 Exception <a 'sun/nio/fs/WindowsException'{0x00000000ff5db8c0}> (0x00000000ff5db8c0) 
thrown [s\src\hotspot\share\prims\jni.cpp, line 537]

ZGC Phase Switch (0 events):
No events

VM Operations (20 events):
Event: 29.549 Executing VM operation: G1TryInitiateConcMark (G1 Humongous Allocation) done
Event: 29.555 Executing VM operation: G1TryInitiateConcMark (G1 Humongous Allocation)
Event: 29.562 Executing VM operation: G1TryInitiateConcMark (G1 Humongous Allocation) done
Event: 29.808 Executing VM operation: G1PauseRemark
Event: 29.813 Executing VM operation: G1PauseRemark done
Event: 29.935 Executing VM operation: G1PauseCleanup
Event: 29.943 Executing VM operation: G1PauseCleanup done
Event: 30.063 Executing VM operation: G1CollectForAllocation (G1 Evacuation Pause)
Event: 30.104 Executing VM operation: G1CollectForAllocation (G1 Evacuation Pause) done
Event: 30.432 Executing VM operation: G1CollectForAllocation (G1 Evacuation Pause)
Event: 30.487 Executing VM operation: G1CollectForAllocation (G1 Evacuation Pause) done
Event: 30.794 Executing VM operation: G1CollectForAllocation (G1 Evacuation Pause)
Event: 30.819 Executing VM operation: G1CollectForAllocation (G1 Evacuation Pause) done
Event: 31.143 Executing VM operation: G1PauseRemark
Event: 31.148 Executing VM operation: G1PauseRemark done
Event: 31.337 Executing VM operation: G1PauseCleanup
Event: 31.337 Executing VM operation: G1PauseCleanup done
Event: 31.360 Executing VM operation: G1CollectForAllocation (G1 Evacuation Pause)
Event: 31.400 Executing VM operation: G1CollectForAllocation (G1 Evacuation Pause) done
Event: 31.760 Executing VM operation: G1CollectForAllocation (G1 Evacuation Pause)

Memory protections (0 events):
No events

Nmethod flushes (20 events):
Event: 31.147 Thread 0x000001f1bde1d5c0 flushing  nmethod 0x000001f1c3c90510
Event: 31.147 Thread 0x000001f1bde1d5c0 flushing  nmethod 0x000001f1c3d15090
Event: 31.147 Thread 0x000001f1bde1d5c0 flushing  nmethod 0x000001f1c3d2ec90
Event: 31.147 Thread 0x000001f1bde1d5c0 flushing  nmethod 0x000001f1c3e0a090
Event: 31.147 Thread 0x000001f1bde1d5c0 flushing  nmethod 0x000001f1c3342510
Event: 31.147 Thread 0x000001f1bde1d5c0 flushing  nmethod 0x000001f1c3342e10
Event: 31.147 Thread 0x000001f1bde1d5c0 flushing  nmethod 0x000001f1c33de790
Event: 31.147 Thread 0x000001f1bde1d5c0 flushing osr nmethod 0x000001f1c3674b90
Event: 31.147 Thread 0x000001f1bde1d5c0 flushing  nmethod 0x000001f1c384db90
Event: 31.147 Thread 0x000001f1bde1d5c0 flushing  nmethod 0x000001f1c3919490
Event: 31.147 Thread 0x000001f1bde1d5c0 flushing  nmethod 0x000001f1c39e5690
Event: 31.147 Thread 0x000001f1bde1d5c0 flushing  nmethod 0x000001f1c39f3b10
Event: 31.147 Thread 0x000001f1bde1d5c0 flushing  nmethod 0x000001f1c3a40f90
Event: 31.147 Thread 0x000001f1bde1d5c0 flushing osr nmethod 0x000001f1c3a81b90
Event: 31.147 Thread 0x000001f1bde1d5c0 flushing  nmethod 0x000001f1c3be3a10
Event: 31.147 Thread 0x000001f1bde1d5c0 flushing  nmethod 0x000001f1c3c3e690
Event: 31.147 Thread 0x000001f1bde1d5c0 flushing  nmethod 0x000001f1c3d22990
Event: 31.147 Thread 0x000001f1bde1d5c0 flushing  nmethod 0x000001f1c3d37810
Event: 31.147 Thread 0x000001f1bde1d5c0 flushing  nmethod 0x000001f1c3e4de90
Event: 31.147 Thread 0x000001f1bde1d5c0 flushing  nmethod 0x000001f1c3e67f90

Events (20 events):
Event: 8.288 Thread 0x000001f1dd2e2b90 Thread added: 0x000001f1ded5ed70
Event: 8.423 Thread 0x000001f1dd2e2b90 Thread added: 0x000001f1ded63c30
Event: 11.875 Thread 0x000001f1dd2e2b90 Thread added: 0x000001f1ded621f0
Event: 11.876 Thread 0x000001f1dd2e2b90 Thread added: 0x000001f1ded5e6e0
Event: 13.305 Thread 0x000001f1dd2e2b90 Thread added: 0x000001f1df9b1e00
Event: 13.306 Thread 0x000001f1dd2e2b90 Thread added: 0x000001f1df9b2490
Event: 22.787 Thread 0x000001f1dc500b60 Thread exited: 0x000001f1dc500b60
Event: 23.785 Thread 0x000001f1d71f0ce0 Thread added: 0x000001f1dc500b60
Event: 24.260 Thread 0x000001f1dc500b60 Thread exited: 0x000001f1dc500b60
Event: 24.350 Thread 0x000001f1d71e6ae0 Thread added: 0x000001f1dc500b60
Event: 24.901 Thread 0x000001f1dc500b60 Thread exited: 0x000001f1dc500b60
Event: 25.059 Thread 0x000001f1d71f0ce0 Thread added: 0x000001f1dc500b60
Event: 25.976 Thread 0x000001f1dd2e2b90 Thread added: 0x000001f1df9b03c0
Event: 25.976 Thread 0x000001f1dd2e2b90 Thread added: 0x000001f1df9b1770
Event: 25.977 Thread 0x000001f1dd2e2b90 Thread added: 0x000001f1df9acf40
Event: 26.671 Thread 0x000001f1dc500b60 Thread exited: 0x000001f1dc500b60
Event: 27.827 Thread 0x000001f1dd2e2b90 Thread added: 0x000001f1df9adc60
Event: 27.828 Thread 0x000001f1dd2e2b90 Thread added: 0x000001f1df9af010
Event: 27.828 Thread 0x000001f1dd2e2b90 Thread added: 0x000001f1df9b0a50
Event: 27.921 Thread 0x000001f1d71e6ae0 Thread added: 0x000001f1dc500b60


Dynamic libraries:
0x00007ff773360000 - 0x00007ff77336a000 	C:\Program Files\Android\Android Studio\jbr\bin\java.exe
0x00007ff811890000 - 0x00007ff811a88000 	C:\WINDOWS\SYSTEM32\ntdll.dll
0x00007ff810290000 - 0x00007ff810352000 	C:\WINDOWS\System32\KERNEL32.DLL
0x00007ff80f080000 - 0x00007ff80f376000 	C:\WINDOWS\System32\KERNELBASE.dll
0x00007ff80f7b0000 - 0x00007ff80f8b0000 	C:\WINDOWS\System32\ucrtbase.dll
0x00007ff80b1c0000 - 0x00007ff80b1db000 	C:\Program Files\Android\Android Studio\jbr\bin\VCRUNTIME140.dll
0x00007ff809b20000 - 0x00007ff809b38000 	C:\Program Files\Android\Android Studio\jbr\bin\jli.dll
0x00007ff810910000 - 0x00007ff810ab1000 	C:\WINDOWS\System32\USER32.dll
0x00007ffffd7e0000 - 0x00007ffffda7b000 	C:\WINDOWS\WinSxS\amd64_microsoft.windows.common-controls_6595b64144ccf1df_6.0.19041.6456_none_60b8a6cb71f64256\COMCTL32.dll
0x00007ff80f050000 - 0x00007ff80f072000 	C:\WINDOWS\System32\win32u.dll
0x00007ff810be0000 - 0x00007ff810c0b000 	C:\WINDOWS\System32\GDI32.dll
0x00007ff810450000 - 0x00007ff8104ee000 	C:\WINDOWS\System32\msvcrt.dll
0x00007ff80f610000 - 0x00007ff80f729000 	C:\WINDOWS\System32\gdi32full.dll
0x00007ff80efb0000 - 0x00007ff80f04d000 	C:\WINDOWS\System32\msvcp_win.dll
0x00007ff80fa60000 - 0x00007ff80fa8f000 	C:\WINDOWS\System32\IMM32.DLL
0x00007ff80c4f0000 - 0x00007ff80c4fc000 	C:\Program Files\Android\Android Studio\jbr\bin\vcruntime140_1.dll
0x00007fffd8b10000 - 0x00007fffd8b9d000 	C:\Program Files\Android\Android Studio\jbr\bin\msvcp140.dll
0x00007fffc7e90000 - 0x00007fffc8b26000 	C:\Program Files\Android\Android Studio\jbr\bin\server\jvm.dll
0x00007ff810390000 - 0x00007ff810441000 	C:\WINDOWS\System32\ADVAPI32.dll
0x00007ff8101e0000 - 0x00007ff81027f000 	C:\WINDOWS\System32\sechost.dll
0x00007ff810620000 - 0x00007ff810740000 	C:\WINDOWS\System32\RPCRT4.dll
0x00007ff80f380000 - 0x00007ff80f3a7000 	C:\WINDOWS\System32\bcrypt.dll
0x00007ff810170000 - 0x00007ff8101db000 	C:\WINDOWS\System32\WS2_32.dll
0x00007ff80ea90000 - 0x00007ff80eadb000 	C:\WINDOWS\SYSTEM32\POWRPROF.dll
0x00007ff805520000 - 0x00007ff805547000 	C:\WINDOWS\SYSTEM32\WINMM.dll
0x00007ff808c30000 - 0x00007ff808c3a000 	C:\WINDOWS\SYSTEM32\VERSION.dll
0x00007ff80ea70000 - 0x00007ff80ea82000 	C:\WINDOWS\SYSTEM32\UMPDC.dll
0x00007ff80cdb0000 - 0x00007ff80cdc2000 	C:\WINDOWS\SYSTEM32\kernel.appcore.dll
0x00007ff80c4e0000 - 0x00007ff80c4ea000 	C:\Program Files\Android\Android Studio\jbr\bin\jimage.dll
0x00007ffffd5d0000 - 0x00007ffffd7d1000 	C:\WINDOWS\SYSTEM32\DBGHELP.DLL
0x00007ffff1240000 - 0x00007ffff1274000 	C:\WINDOWS\SYSTEM32\dbgcore.DLL
0x00007ff80ef20000 - 0x00007ff80efa2000 	C:\WINDOWS\System32\bcryptPrimitives.dll
0x00007ff80c330000 - 0x00007ff80c33e000 	C:\Program Files\Android\Android Studio\jbr\bin\instrument.dll
0x00007ff807fb0000 - 0x00007ff807fd0000 	C:\Program Files\Android\Android Studio\jbr\bin\java.dll
0x00007ff807ef0000 - 0x00007ff807f08000 	C:\Program Files\Android\Android Studio\jbr\bin\zip.dll
0x00007ff810cd0000 - 0x00007ff811440000 	C:\WINDOWS\System32\SHELL32.dll
0x00007ff80cfb0000 - 0x00007ff80d755000 	C:\WINDOWS\SYSTEM32\windows.storage.dll
0x00007ff811440000 - 0x00007ff811794000 	C:\WINDOWS\System32\combase.dll
0x00007ff80e870000 - 0x00007ff80e89b000 	C:\WINDOWS\SYSTEM32\Wldp.dll
0x00007ff810020000 - 0x00007ff8100ed000 	C:\WINDOWS\System32\OLEAUT32.dll
0x00007ff80faf0000 - 0x00007ff80fb9d000 	C:\WINDOWS\System32\SHCORE.dll
0x00007ff80fa90000 - 0x00007ff80faeb000 	C:\WINDOWS\System32\shlwapi.dll
0x00007ff80ee50000 - 0x00007ff80ee74000 	C:\WINDOWS\SYSTEM32\profapi.dll
0x00007ff80c4b0000 - 0x00007ff80c4c0000 	C:\Program Files\Android\Android Studio\jbr\bin\net.dll
0x00007ff806d80000 - 0x00007ff806e8a000 	C:\WINDOWS\SYSTEM32\WINHTTP.dll
0x00007ff80e5d0000 - 0x00007ff80e63a000 	C:\WINDOWS\system32\mswsock.dll
0x00007ff807b80000 - 0x00007ff807b96000 	C:\Program Files\Android\Android Studio\jbr\bin\nio.dll
0x00007ff80c420000 - 0x00007ff80c430000 	C:\Program Files\Android\Android Studio\jbr\bin\verify.dll
0x00007ff8029e0000 - 0x00007ff802a07000 	C:\Users\Admin\.gradle\native\c067742578af261105cb4f569cf0c3c89f3d7b1fecec35dd04571415982c5e48\windows-amd64\native-platform.dll
0x00007fffdc230000 - 0x00007fffdc374000 	C:\Users\Admin\.gradle\native\100fb08df4bc3b14c8652ba06237920a3bd2aa13389f12d3474272988ae205f9\windows-amd64\native-platform-file-events.dll
0x00007ff80b1b0000 - 0x00007ff80b1b9000 	C:\Program Files\Android\Android Studio\jbr\bin\management.dll
0x00007ff80a1e0000 - 0x00007ff80a1eb000 	C:\Program Files\Android\Android Studio\jbr\bin\management_ext.dll
0x00007ff810010000 - 0x00007ff810018000 	C:\WINDOWS\System32\PSAPI.DLL
0x00007ff80e7d0000 - 0x00007ff80e7e8000 	C:\WINDOWS\SYSTEM32\CRYPTSP.dll
0x00007ff80def0000 - 0x00007ff80df28000 	C:\WINDOWS\system32\rsaenh.dll
0x00007ff80ee10000 - 0x00007ff80ee3e000 	C:\WINDOWS\SYSTEM32\USERENV.dll
0x00007ff80e7c0000 - 0x00007ff80e7cc000 	C:\WINDOWS\SYSTEM32\CRYPTBASE.dll
0x00007ff80e2b0000 - 0x00007ff80e2eb000 	C:\WINDOWS\SYSTEM32\IPHLPAPI.DLL
0x00007ff810360000 - 0x00007ff810368000 	C:\WINDOWS\System32\NSI.dll
0x00007ff80c310000 - 0x00007ff80c319000 	C:\Program Files\Android\Android Studio\jbr\bin\extnet.dll
0x00007ff80c340000 - 0x00007ff80c347000 	C:\WINDOWS\system32\wshunix.dll
0x00007ff80e140000 - 0x00007ff80e173000 	C:\WINDOWS\SYSTEM32\ntmarta.dll

JVMTI agents:
C:\Users\Admin\.gradle\wrapper\dists\gradle-8.11-bin\c4te04g51qsyw1bxcb929u7br\gradle-8.11\lib\agents\gradle-instrumentation-agent-8.11.jar path:C:\Program Files\Android\Android Studio\jbr\bin\instrument.dll, loaded, initialized, instrumentlib options:none

dbghelp: loaded successfully - version: 4.0.5 - missing functions: none
symbol engine: initialized successfully - sym options: 0x614 - pdb path: .;C:\Program Files\Android\Android Studio\jbr\bin;C:\WINDOWS\SYSTEM32;C:\WINDOWS\WinSxS\amd64_microsoft.windows.common-controls_6595b64144ccf1df_6.0.19041.6456_none_60b8a6cb71f64256;C:\Program Files\Android\Android Studio\jbr\bin\server;C:\Users\Admin\.gradle\native\c067742578af261105cb4f569cf0c3c89f3d7b1fecec35dd04571415982c5e48\windows-amd64;C:\Users\Admin\.gradle\native\100fb08df4bc3b14c8652ba06237920a3bd2aa13389f12d3474272988ae205f9\windows-amd64

VM Arguments:
jvm_args: --add-opens=java.base/java.lang=ALL-UNNAMED --add-opens=java.base/java.lang.invoke=ALL-UNNAMED --add-opens=java.base/java.util=ALL-UNNAMED --add-opens=java.prefs/java.util.prefs=ALL-UNNAMED --add-exports=jdk.compiler/com.sun.tools.javac.api=ALL-UNNAMED --add-exports=jdk.compiler/com.sun.tools.javac.util=ALL-UNNAMED --add-opens=java.base/java.util=ALL-UNNAMED --add-opens=java.prefs/java.util.prefs=ALL-UNNAMED --add-opens=java.base/java.nio.charset=ALL-UNNAMED --add-opens=java.base/java.net=ALL-UNNAMED --add-opens=java.base/java.util.concurrent.atomic=ALL-UNNAMED --add-opens=java.xml/javax.xml.namespace=ALL-UNNAMED -Xmx2048m -Dfile.encoding=UTF-8 -Duser.country=US -Duser.language=en -Duser.variant -javaagent:C:\Users\Admin\.gradle\wrapper\dists\gradle-8.11-bin\c4te04g51qsyw1bxcb929u7br\gradle-8.11\lib\agents\gradle-instrumentation-agent-8.11.jar 
java_command: org.gradle.launcher.daemon.bootstrap.GradleDaemon 8.11
java_class_path (initial): C:\Users\Admin\.gradle\wrapper\dists\gradle-8.11-bin\c4te04g51qsyw1bxcb929u7br\gradle-8.11\lib\gradle-daemon-main-8.11.jar
Launcher Type: SUN_STANDARD

[Global flags]
     intx CICompilerCount                          = 3                                         {product} {ergonomic}
     uint ConcGCThreads                            = 1                                         {product} {ergonomic}
     uint G1ConcRefinementThreads                  = 4                                         {product} {ergonomic}
   size_t G1HeapRegionSize                         = 1048576                                   {product} {ergonomic}
    uintx GCDrainStackTargetSize                   = 64                                        {product} {ergonomic}
   size_t InitialHeapSize                          = 264241152                                 {product} {ergonomic}
   size_t MarkStackSize                            = 4194304                                   {product} {ergonomic}
   size_t MaxHeapSize                              = 2147483648                                {product} {command line}
   size_t MaxNewSize                               = 1287651328                                {product} {ergonomic}
   size_t MinHeapDeltaBytes                        = 1048576                                   {product} {ergonomic}
   size_t MinHeapSize                              = 8388608                                   {product} {ergonomic}
    uintx NonNMethodCodeHeapSize                   = 5832780                                {pd product} {ergonomic}
    uintx NonProfiledCodeHeapSize                  = 122912730                              {pd product} {ergonomic}
    uintx ProfiledCodeHeapSize                     = 122912730                              {pd product} {ergonomic}
    uintx ReservedCodeCacheSize                    = 251658240                              {pd product} {ergonomic}
     bool SegmentedCodeCache                       = true                                      {product} {ergonomic}
   size_t SoftMaxHeapSize                          = 2147483648                             {manageable} {ergonomic}
     bool UseCompressedOops                        = true                           {product lp64_product} {ergonomic}
     bool UseG1GC                                  = true                                      {product} {ergonomic}
     bool UseLargePagesIndividualAllocation        = false                                  {pd product} {ergonomic}

Logging:
Log output configuration:
 #0: stdout all=warning uptime,level,tags foldmultilines=false
 #1: stderr all=off uptime,level,tags foldmultilines=false

Environment Variables:
JAVA_HOME=C:\Program Files\Java\jdk-21.0.7
PATH=C:\WINDOWS\system32;C:\WINDOWS;C:\WINDOWS\System32\Wbem;C:\WINDOWS\System32\WindowsPowerShell\v1.0\;C:\WINDOWS\System32\OpenSSH\;C:\Program Files (x86)\Microsoft SQL Server\100\Tools\Binn\;C:\Program Files (x86)\Microsoft SQL Server\100\DTS\Binn\;C:\Program Files\Git\cmd;C:\Program Files\Java\jdk-21.0.7;D:\Android\Sdk\platform-tools;C:\Users\Admin\AppData\Local\Microsoft\WindowsApps;
USERNAME=Admin
OS=Windows_NT
PROCESSOR_IDENTIFIER=Intel64 Family 6 Model 158 Stepping 10, GenuineIntel
TMP=C:\Users\Admin\AppData\Local\Temp
TEMP=C:\Users\Admin\AppData\Local\Temp




Periodic native trim disabled

JNI global refs:
JNI global refs: 27, weak refs: 0

JNI global refs memory usage: 835, weak refs: 833

Process memory usage:
Resident Set Size: 608044K (3% of 16435128K total physical memory with 645352K free physical memory)

OOME stack traces (most recent first):
Classloader memory used:
Loader org.gradle.internal.classloader.VisitableURLClassLoader                         : 34423K
Loader bootstrap                                                                       : 23157K
Loader org.gradle.initialization.MixInLegacyTypesClassLoader                           : 6616K
Loader org.gradle.internal.classloader.VisitableURLClassLoader                         : 756K
Loader jdk.internal.loader.ClassLoaders$PlatformClassLoader                            : 501K
Loader jdk.internal.loader.ClassLoaders$AppClassLoader                                 : 234K
Loader jdk.internal.reflect.DelegatingClassLoader                                      : 189K
Loader org.gradle.groovy.scripts.internal.DefaultScriptCompilationHandler$ScriptClassLoader: 72936B
Loader org.codehaus.groovy.runtime.callsite.CallSiteClassLoader                        : 18600B

Classes loaded by more than one classloader:
Class org.gradle.internal.IoActions                                                   : loaded 3 times (x 71B)
Class org.gradle.api.Action                                                           : loaded 3 times (x 70B)
Class org.gradle.api.GradleException                                                  : loaded 3 times (x 82B)
Class org.gradle.api.UncheckedIOException                                             : loaded 3 times (x 82B)
Class org.gradle.internal.operations.MultipleBuildOperationFailures                   : loaded 2 times (x 95B)
Class org.gradle.internal.classloader.DefaultClassLoaderFactory                       : loaded 2 times (x 82B)
Class kotlin.collections.AbstractList$Companion                                       : loaded 2 times (x 71B)
Class org.gradle.internal.classloader.ClassLoaderVisitor                              : loaded 2 times (x 76B)
Class org.gradle.api.internal.classpath.EffectiveClassPath                            : loaded 2 times (x 90B)
Class org.gradle.api.internal.DefaultClassPathProvider                                : loaded 2 times (x 76B)
Class [Lorg.gradle.api.internal.ClassPathProvider;                                    : loaded 2 times (x 69B)
Class org.gradle.api.internal.ClassPathProvider                                       : loaded 2 times (x 70B)
Class org.gradle.internal.service.UnknownServiceException                             : loaded 2 times (x 83B)
Class org.gradle.internal.classpath.TransformedClassPath                              : loaded 2 times (x 96B)
Class org.gradle.internal.classloader.InstrumentingClassLoader                        : loaded 2 times (x 70B)
Class kotlin.enums.EnumEntriesList                                                    : loaded 2 times (x 223B)
Class org.gradle.internal.service.ServiceLocator                                      : loaded 2 times (x 70B)
Class org.gradle.internal.InternalTransformer                                         : loaded 2 times (x 70B)
Class org.gradle.internal.time.DefaultTimer                                           : loaded 2 times (x 80B)
Class org.gradle.internal.classloader.ClasspathUtil$1                                 : loaded 2 times (x 76B)
Class org.gradle.api.internal.classpath.DefaultModuleRegistry$DefaultModule           : loaded 2 times (x 86B)
Class org.gradle.internal.time.DefaultCountdownTimer                                  : loaded 2 times (x 88B)
Class kotlin.Function                                                                 : loaded 2 times (x 70B)
Class org.gradle.api.internal.classpath.Module                                        : loaded 2 times (x 70B)
Class org.gradle.api.internal.classpath.UnknownModuleException                        : loaded 2 times (x 82B)
Class org.gradle.api.internal.DefaultClassPathRegistry                                : loaded 2 times (x 76B)
Class org.gradle.api.internal.ClassPathRegistry                                       : loaded 2 times (x 70B)
Class org.gradle.internal.classpath.DefaultClassPath$ImmutableUniqueList              : loaded 2 times (x 199B)
Class org.gradle.api.internal.classpath.ManifestUtil                                  : loaded 2 times (x 71B)
Class org.gradle.internal.classpath.ClassPath                                         : loaded 2 times (x 70B)
Class org.gradle.internal.classloader.ClassLoaderHierarchy                            : loaded 2 times (x 70B)
Class kotlin.UninitializedPropertyAccessException                                     : loaded 2 times (x 82B)
Class org.gradle.internal.installation.GradleInstallation$1                           : loaded 2 times (x 75B)
Class org.gradle.api.internal.classpath.ModuleRegistry                                : loaded 2 times (x 70B)
Class org.gradle.api.internal.classpath.DefaultModuleRegistry                         : loaded 2 times (x 86B)
Class org.gradle.util.internal.DefaultGradleVersion$Stage                             : loaded 2 times (x 75B)
Class org.gradle.internal.time.MonotonicClock                                         : loaded 2 times (x 77B)
Class org.gradle.internal.service.ServiceLookupException                              : loaded 2 times (x 82B)
Class org.gradle.internal.classloader.ClassLoaderFactory                              : loaded 2 times (x 70B)
Class org.gradle.internal.service.CachingServiceLocator                               : loaded 2 times (x 82B)
Class org.gradle.internal.time.TimeSource                                             : loaded 2 times (x 70B)
Class kotlin.enums.EnumEntries                                                        : loaded 2 times (x 70B)
Class org.gradle.internal.exceptions.ResolutionProvider                               : loaded 2 times (x 70B)
Class org.gradle.internal.classloader.ClasspathUtil                                   : loaded 2 times (x 71B)
Class org.gradle.internal.time.TimeSource$1                                           : loaded 2 times (x 77B)
Class org.gradle.api.specs.Spec                                                       : loaded 2 times (x 70B)
Class org.gradle.internal.time.Clock                                                  : loaded 2 times (x 70B)
Class kotlin.collections.AbstractList                                                 : loaded 2 times (x 197B)
Class kotlin.collections.AbstractCollection                                           : loaded 2 times (x 117B)
Class org.gradle.internal.classloader.VisitableURLClassLoader$InstrumentingVisitableURLClassLoader: loaded 2 times (x 123B)
Class org.gradle.internal.classloader.VisitableURLClassLoader$Spec                    : loaded 2 times (x 74B)
Class org.gradle.internal.classpath.DefaultClassPath                                  : loaded 2 times (x 90B)
Class org.gradle.util.internal.DefaultGradleVersion                                   : loaded 2 times (x 80B)
Class org.gradle.internal.classloader.ClassLoaderSpec                                 : loaded 2 times (x 71B)
Class org.gradle.internal.classloader.VisitableURLClassLoader                         : loaded 2 times (x 117B)
Class org.gradle.internal.classloader.FilteringClassLoader                            : loaded 2 times (x 105B)
Class org.gradle.internal.Cast                                                        : loaded 2 times (x 71B)
Class kotlin.jvm.functions.Function1                                                  : loaded 2 times (x 70B)
Class org.gradle.internal.classpath.DefaultClassPath$ImmutableUniqueList$Builder      : loaded 2 times (x 75B)
Class sync_studio_tooling9_db627iyampdynfsha13xzjbal                                  : loaded 2 times (x 179B)
Class org.gradle.internal.exceptions.NonGradleCauseExceptionsHolder                   : loaded 2 times (x 70B)
Class kotlin.NotImplementedError                                                      : loaded 2 times (x 82B)
Class kotlin.enums.EnumEntriesKt                                                      : loaded 2 times (x 71B)
Class org.gradle.internal.classloader.SystemClassLoaderSpec                           : loaded 2 times (x 71B)
Class org.gradle.internal.exceptions.MultiCauseException                              : loaded 2 times (x 70B)
Class org.gradle.internal.time.CountdownTimer                                         : loaded 2 times (x 70B)
Class kotlin.jvm.internal.Intrinsics                                                  : loaded 2 times (x 71B)
Class org.gradle.tooling.model.ProjectModel                                           : loaded 2 times (x 70B)
Class kotlin.KotlinNullPointerException                                               : loaded 2 times (x 83B)
Class org.gradle.internal.exceptions.DefaultMultiCauseException                       : loaded 2 times (x 95B)
Class org.gradle.internal.time.Time                                                   : loaded 2 times (x 71B)
Class org.gradle.api.internal.classpath.GlobalCacheRootsProvider                      : loaded 2 times (x 70B)
Class org.gradle.internal.time.Timer                                                  : loaded 2 times (x 70B)
Class kotlin.jvm.internal.markers.KMappedMarker                                       : loaded 2 times (x 70B)
Class org.gradle.internal.installation.CurrentGradleInstallationLocator               : loaded 2 times (x 71B)
Class org.gradle.internal.service.DefaultServiceLocator                               : loaded 2 times (x 83B)
Class org.gradle.util.GradleVersion                                                   : loaded 2 times (x 79B)
Class org.gradle.internal.installation.CurrentGradleInstallation                      : loaded 2 times (x 73B)
Class org.gradle.util.internal.GUtil                                                  : loaded 2 times (x 71B)
Class org.gradle.internal.installation.GradleInstallation                             : loaded 2 times (x 75B)

---------------  S Y S T E M  ---------------

OS:
 Windows 10 , 64 bit Build 19041 (10.0.19041.5915)
OS uptime: 55 days 7:13 hours

CPU: total 4 (initial active 4) (2 cores per cpu, 2 threads per core) family 6 model 158 stepping 10 microcode 0xca, cx8, cmov, fxsr, ht, mmx, 3dnowpref, sse, sse2, sse3, ssse3, sse4.1, sse4.2, popcnt, lzcnt, tsc, tscinvbit, aes, erms, clmul, clflush, clflushopt, rdtscp
Processor Information for the first 4 processors :
  Max Mhz: 3792, Current Mhz: 3792, Mhz Limit: 3792

Memory: 4k page, system-wide physical 16049M (630M free)
TotalPageFile size 23461M (AvailPageFile size 512M)
current process WorkingSet (physical memory assigned to process): 595M, peak: 595M
current process commit charge ("private bytes"): 627M, peak: 1292M

vm_info: OpenJDK 64-Bit Server VM (21.0.8+-14196175-b1038.72) for windows-amd64 JRE (21.0.8+-14196175-b1038.72), built on 2025-10-01T10:24:33Z by "builder" with MS VC++ 16.10 / 16.11 (VS2019)

END.
