#
# There is insufficient memory for the Java Runtime Environment to continue.
# Native memory allocation (malloc) failed to allocate 1954144 bytes. Error detail: Chunk::new
# Possible reasons:
#   The system is out of physical RAM or swap space
#   This process is running with CompressedOops enabled, and the Java Heap may be blocking the growth of the native heap
# Possible solutions:
#   Reduce memory load on the system
#   Increase physical memory or swap space
#   Check if swap backing store is full
#   Decrease Java heap size (-Xmx/-Xms)
#   Decrease number of Java threads
#   Decrease Java thread stack sizes (-Xss)
#   Set larger code cache with -XX:ReservedCodeCacheSize=
#   JVM is running with Unscaled Compressed Oops mode in which the Java heap is
#     placed in the first 4GB address space. The Java Heap base address is the
#     maximum limit for the native heap growth. Please use -XX:HeapBaseMinAddress
#     to set the Java Heap base and to place the Java Heap above 4GB virtual address.
# This output file may be truncated or incomplete.
#
#  Out of Memory Error (arena.cpp:168), pid=7184, tid=11728
#
# JRE version: OpenJDK Runtime Environment (21.0.8) (build 21.0.8+-14196175-b1038.72)
# Java VM: OpenJDK 64-Bit Server VM (21.0.8+-14196175-b1038.72, mixed mode, tiered, compressed oops, compressed class ptrs, g1 gc, windows-amd64)
# No core dump will be written. Minidumps are not enabled by default on client versions of Windows
#

---------------  S U M M A R Y ------------

Command Line: --add-opens=java.base/java.lang=ALL-UNNAMED --add-opens=java.base/java.lang.invoke=ALL-UNNAMED --add-opens=java.base/java.util=ALL-UNNAMED --add-opens=java.prefs/java.util.prefs=ALL-UNNAMED --add-exports=jdk.compiler/com.sun.tools.javac.api=ALL-UNNAMED --add-exports=jdk.compiler/com.sun.tools.javac.util=ALL-UNNAMED --add-opens=java.base/java.util=ALL-UNNAMED --add-opens=java.prefs/java.util.prefs=ALL-UNNAMED --add-opens=java.base/java.nio.charset=ALL-UNNAMED --add-opens=java.base/java.net=ALL-UNNAMED --add-opens=java.base/java.util.concurrent.atomic=ALL-UNNAMED --add-opens=java.xml/javax.xml.namespace=ALL-UNNAMED -XX:MaxMetaspaceSize=384m -XX:+HeapDumpOnOutOfMemoryError -Xms256m -Xmx512m -Dfile.encoding=UTF-8 -Duser.country=US -Duser.language=en -Duser.variant -javaagent:C:\Users\Admin\.gradle\wrapper\dists\gradle-9.0-milestone-1-bin\3vdepk4s12bybhohyuvjcm1bd\gradle-9.0-milestone-1\lib\agents\gradle-instrumentation-agent-9.0.jar org.gradle.launcher.daemon.bootstrap.GradleDaemon 9.0-milestone-1

Host: Intel(R) Pentium(R) Gold G5420 CPU @ 3.80GHz, 4 cores, 15G,  Windows 10 , 64 bit Build 19041 (10.0.19041.5915)
Time: Mon Jan  5 16:53:50 2026 SE Asia Standard Time elapsed time: 73.859578 seconds (0d 0h 1m 13s)

---------------  T H R E A D  ---------------

Current thread (0x000001fd7eca28f0):  JavaThread "C2 CompilerThread0" daemon [_thread_in_native, id=11728, stack(0x00000004d5300000,0x00000004d5400000) (1024K)]


Current CompileTask:
C2:73859 13108   !   4       sun.reflect.annotation.AnnotationParser::parseAnnotations (37 bytes)

Stack: [0x00000004d5300000,0x00000004d5400000]
Native frames: (J=compiled Java code, j=interpreted, Vv=VM code, C=native code)
V  [jvm.dll+0x6d68d9]
V  [jvm.dll+0x866693]
V  [jvm.dll+0x868c4e]
V  [jvm.dll+0x869333]
V  [jvm.dll+0x280566]
V  [jvm.dll+0xc07cd]
V  [jvm.dll+0xc0d03]
V  [jvm.dll+0x3b961b]
V  [jvm.dll+0x385507]
V  [jvm.dll+0x38497a]
V  [jvm.dll+0x249252]
V  [jvm.dll+0x248821]
V  [jvm.dll+0x1c73a4]
V  [jvm.dll+0x257f9e]
V  [jvm.dll+0x2564e6]
V  [jvm.dll+0x3f4696]
V  [jvm.dll+0x80eac8]
V  [jvm.dll+0x6d512d]
C  [ucrtbase.dll+0x21bb2]
C  [KERNEL32.DLL+0x17374]
C  [ntdll.dll+0x4cc91]


---------------  P R O C E S S  ---------------

Threads class SMR info:
_java_thread_list=0x000001fd192c1710, length=45, elements={
0x000001fd767f0e50, 0x000001fd7ec704f0, 0x000001fd7ec73020, 0x000001fd7ec73a80,
0x000001fd7ec9a860, 0x000001fd7ec9aed0, 0x000001fd7ec9c0d0, 0x000001fd7ec9cb30,
0x000001fd7eca28f0, 0x000001fd7ecc77e0, 0x000001fd7efb4380, 0x000001fd14079ba0,
0x000001fd140a54e0, 0x000001fd14103120, 0x000001fd141e2730, 0x000001fd141b6fe0,
0x000001fd142279b0, 0x000001fd141d84e0, 0x000001fd141d8b70, 0x000001fd141d7e50,
0x000001fd141d77c0, 0x000001fd14791570, 0x000001fd1478cd40, 0x000001fd14791c00,
0x000001fd14792290, 0x000001fd1478e0f0, 0x000001fd14792920, 0x000001fd1478ee10,
0x000001fd1478f4a0, 0x000001fd1478b990, 0x000001fd1478c020, 0x000001fd1478e780,
0x000001fd1478c6b0, 0x000001fd1478d3d0, 0x000001fd1478da60, 0x000001fd14790ee0,
0x000001fd15cacae0, 0x000001fd15caaa10, 0x000001fd15cab0a0, 0x000001fd15ca8fd0,
0x000001fd15cab730, 0x000001fd15cabdc0, 0x000001fd15cac450, 0x000001fd15caebb0,
0x000001fd15caf8d0
}

Java Threads: ( => current thread )
  0x000001fd767f0e50 JavaThread "main"                              [_thread_blocked, id=9396, stack(0x00000004d4200000,0x00000004d4300000) (1024K)]
  0x000001fd7ec704f0 JavaThread "Common-Cleaner"             daemon [_thread_blocked, id=11724, stack(0x00000004d4c00000,0x00000004d4d00000) (1024K)]
  0x000001fd7ec73020 JavaThread "Reference Handler"          daemon [_thread_blocked, id=14224, stack(0x00000004d4d00000,0x00000004d4e00000) (1024K)]
  0x000001fd7ec73a80 JavaThread "Finalizer"                  daemon [_thread_blocked, id=3732, stack(0x00000004d4e00000,0x00000004d4f00000) (1024K)]
  0x000001fd7ec9a860 JavaThread "Signal Dispatcher"          daemon [_thread_blocked, id=6132, stack(0x00000004d4f00000,0x00000004d5000000) (1024K)]
  0x000001fd7ec9aed0 JavaThread "Attach Listener"            daemon [_thread_blocked, id=2348, stack(0x00000004d5000000,0x00000004d5100000) (1024K)]
  0x000001fd7ec9c0d0 JavaThread "Service Thread"             daemon [_thread_blocked, id=5940, stack(0x00000004d5100000,0x00000004d5200000) (1024K)]
  0x000001fd7ec9cb30 JavaThread "Monitor Deflation Thread"   daemon [_thread_blocked, id=304, stack(0x00000004d5200000,0x00000004d5300000) (1024K)]
=>0x000001fd7eca28f0 JavaThread "C2 CompilerThread0"         daemon [_thread_in_native, id=11728, stack(0x00000004d5300000,0x00000004d5400000) (1024K)]
  0x000001fd7ecc77e0 JavaThread "C1 CompilerThread0"         daemon [_thread_blocked, id=8736, stack(0x00000004d5400000,0x00000004d5500000) (1024K)]
  0x000001fd7efb4380 JavaThread "Notification Thread"        daemon [_thread_blocked, id=3404, stack(0x00000004d5500000,0x00000004d5600000) (1024K)]
  0x000001fd14079ba0 JavaThread "Daemon health stats"               [_thread_blocked, id=7964, stack(0x00000004d5a00000,0x00000004d5b00000) (1024K)]
  0x000001fd140a54e0 JavaThread "Incoming local TCP Connector on port 55779"        [_thread_in_native, id=11024, stack(0x00000004d5b00000,0x00000004d5c00000) (1024K)]
  0x000001fd14103120 JavaThread "Daemon periodic checks"            [_thread_blocked, id=10000, stack(0x00000004d5c00000,0x00000004d5d00000) (1024K)]
  0x000001fd141e2730 JavaThread "Daemon"                            [_thread_blocked, id=15124, stack(0x00000004d5d00000,0x00000004d5e00000) (1024K)]
  0x000001fd141b6fe0 JavaThread "Handler for socket connection from /127.0.0.1:55779 to /127.0.0.1:55780"        [_thread_in_native, id=14860, stack(0x00000004d5e00000,0x00000004d5f00000) (1024K)]
  0x000001fd142279b0 JavaThread "Cancel handler"                    [_thread_blocked, id=4212, stack(0x00000004d5f00000,0x00000004d6000000) (1024K)]
  0x000001fd141d84e0 JavaThread "Daemon worker"                     [_thread_in_vm, id=9800, stack(0x00000004d6000000,0x00000004d6100000) (1024K)]
  0x000001fd141d8b70 JavaThread "Asynchronous log dispatcher for DefaultDaemonConnection: socket connection from /127.0.0.1:55779 to /127.0.0.1:55780"        [_thread_blocked, id=2860, stack(0x00000004d6100000,0x00000004d6200000) (1024K)]
  0x000001fd141d7e50 JavaThread "Stdin handler"                     [_thread_blocked, id=13204, stack(0x00000004d6200000,0x00000004d6300000) (1024K)]
  0x000001fd141d77c0 JavaThread "Daemon client event forwarder"        [_thread_blocked, id=7100, stack(0x00000004d6300000,0x00000004d6400000) (1024K)]
  0x000001fd14791570 JavaThread "Cache worker for journal cache (C:\Users\Admin\.gradle\caches\journal-1)"        [_thread_blocked, id=9192, stack(0x00000004d6400000,0x00000004d6500000) (1024K)]
  0x000001fd1478cd40 JavaThread "File lock request listener"        [_thread_in_native, id=15044, stack(0x00000004d6500000,0x00000004d6600000) (1024K)]
  0x000001fd14791c00 JavaThread "Cache worker for file hash cache (C:\Users\Admin\.gradle\caches\9.0-milestone-1\fileHashes)"        [_thread_blocked, id=11356, stack(0x00000004d6600000,0x00000004d6700000) (1024K)]
  0x000001fd14792290 JavaThread "Cache worker for file hash cache (D:\blurberry\Test\Edge-Border-Lighting\build-logic\.gradle\9.0-milestone-1\fileHashes)"        [_thread_blocked, id=13256, stack(0x00000004d6700000,0x00000004d6800000) (1024K)]
  0x000001fd1478e0f0 JavaThread "Cache worker for Build Output Cleanup Cache (D:\blurberry\Test\Edge-Border-Lighting\build-logic\.gradle\buildOutputCleanup)"        [_thread_blocked, id=13300, stack(0x00000004d6800000,0x00000004d6900000) (1024K)]
  0x000001fd14792920 JavaThread "File watcher server"        daemon [_thread_in_native, id=12424, stack(0x00000004d5900000,0x00000004d5a00000) (1024K)]
  0x000001fd1478ee10 JavaThread "File watcher consumer"      daemon [_thread_blocked, id=1320, stack(0x00000004d6900000,0x00000004d6a00000) (1024K)]
  0x000001fd1478f4a0 JavaThread "Cache worker for checksums cache (D:\blurberry\Test\Edge-Border-Lighting\build-logic\.gradle\9.0-milestone-1\checksums)"        [_thread_blocked, id=14240, stack(0x00000004d6a00000,0x00000004d6b00000) (1024K)]
  0x000001fd1478b990 JavaThread "Cache worker for file content cache (C:\Users\Admin\.gradle\caches\9.0-milestone-1\fileContent)"        [_thread_blocked, id=3756, stack(0x00000004d6b00000,0x00000004d6c00000) (1024K)]
  0x000001fd1478c020 JavaThread "Cache worker for cache directory md-supplier (C:\Users\Admin\.gradle\caches\9.0-milestone-1\md-supplier)"        [_thread_blocked, id=4584, stack(0x00000004d6c00000,0x00000004d6d00000) (1024K)]
  0x000001fd1478e780 JavaThread "Cache worker for cache directory md-rule (C:\Users\Admin\.gradle\caches\9.0-milestone-1\md-rule)"        [_thread_blocked, id=6336, stack(0x00000004d6d00000,0x00000004d6e00000) (1024K)]
  0x000001fd1478c6b0 JavaThread "jar transforms"                    [_thread_blocked, id=6264, stack(0x00000004d6f00000,0x00000004d7000000) (1024K)]
  0x000001fd1478d3d0 JavaThread "jar transforms Thread 2"           [_thread_blocked, id=5608, stack(0x00000004d6e00000,0x00000004d6f00000) (1024K)]
  0x000001fd1478da60 JavaThread "jar transforms Thread 3"           [_thread_blocked, id=14764, stack(0x00000004d7100000,0x00000004d7200000) (1024K)]
  0x000001fd14790ee0 JavaThread "Unconstrained build operations"        [_thread_blocked, id=14332, stack(0x00000004d7200000,0x00000004d7300000) (1024K)]
  0x000001fd15cacae0 JavaThread "Unconstrained build operations Thread 2"        [_thread_blocked, id=8320, stack(0x00000004d7300000,0x00000004d7400000) (1024K)]
  0x000001fd15caaa10 JavaThread "Unconstrained build operations Thread 3"        [_thread_blocked, id=1800, stack(0x00000004d7400000,0x00000004d7500000) (1024K)]
  0x000001fd15cab0a0 JavaThread "Unconstrained build operations Thread 4"        [_thread_blocked, id=9144, stack(0x00000004d7500000,0x00000004d7600000) (1024K)]
  0x000001fd15ca8fd0 JavaThread "Unconstrained build operations Thread 5"        [_thread_blocked, id=3652, stack(0x00000004d7600000,0x00000004d7700000) (1024K)]
  0x000001fd15cab730 JavaThread "Unconstrained build operations Thread 6"        [_thread_blocked, id=12452, stack(0x00000004d7700000,0x00000004d7800000) (1024K)]
  0x000001fd15cabdc0 JavaThread "jar transforms Thread 4"           [_thread_blocked, id=6764, stack(0x00000004d7000000,0x00000004d7100000) (1024K)]
  0x000001fd15cac450 JavaThread "Unconstrained build operations Thread 7"        [_thread_blocked, id=5188, stack(0x00000004d7800000,0x00000004d7900000) (1024K)]
  0x000001fd15caebb0 JavaThread "Unconstrained build operations Thread 8"        [_thread_blocked, id=8084, stack(0x00000004d7900000,0x00000004d7a00000) (1024K)]
  0x000001fd15caf8d0 JavaThread "Unconstrained build operations Thread 9"        [_thread_blocked, id=1352, stack(0x00000004d7a00000,0x00000004d7b00000) (1024K)]
Total: 45

Other Threads:
  0x000001fd7eabe4b0 VMThread "VM Thread"                           [id=6008, stack(0x00000004d4a00000,0x00000004d4b00000) (1024K)]
  0x000001fd7ea5f300 WatcherThread "VM Periodic Task Thread"        [id=7248, stack(0x00000004d4900000,0x00000004d4a00000) (1024K)]
  0x000001fd78a395e0 WorkerThread "GC Thread#0"                     [id=13216, stack(0x00000004d4400000,0x00000004d4500000) (1024K)]
  0x000001fd7f08b820 WorkerThread "GC Thread#1"                     [id=8552, stack(0x00000004d5600000,0x00000004d5700000) (1024K)]
  0x000001fd7f1a66c0 WorkerThread "GC Thread#2"                     [id=8148, stack(0x00000004d5700000,0x00000004d5800000) (1024K)]
  0x000001fd7f1a6a60 WorkerThread "GC Thread#3"                     [id=10648, stack(0x00000004d5800000,0x00000004d5900000) (1024K)]
  0x000001fd78a3e4d0 ConcurrentGCThread "G1 Main Marker"            [id=3504, stack(0x00000004d4500000,0x00000004d4600000) (1024K)]
  0x000001fd78a3f050 WorkerThread "G1 Conc#0"                       [id=12872, stack(0x00000004d4600000,0x00000004d4700000) (1024K)]
  0x000001fd78ade6b0 ConcurrentGCThread "G1 Refine#0"               [id=3664, stack(0x00000004d4700000,0x00000004d4800000) (1024K)]
  0x000001fd7e9372c0 ConcurrentGCThread "G1 Service"                [id=2240, stack(0x00000004d4800000,0x00000004d4900000) (1024K)]
Total: 10

Threads with active compile tasks:
C2 CompilerThread0  73892 13108   !   4       sun.reflect.annotation.AnnotationParser::parseAnnotations (37 bytes)
C1 CompilerThread0  73892 13200       3       java.lang.invoke.MethodHandles$Lookup::linkMethodHandleConstant (223 bytes)
Total: 2

VM state: not at safepoint (normal execution)

VM Mutex/Monitor currently owned by a thread: None

Heap address: 0x00000000e0000000, size: 512 MB, Compressed Oops mode: 32-bit

CDS archive(s) not mapped
Compressed class space mapped at: 0x0000000100000000-0x0000000114000000, reserved size: 335544320
Narrow klass base: 0x0000000000000000, Narrow klass shift: 3, Narrow klass range: 0x114000000

GC Precious Log:
 CardTable entry size: 512
 Card Set container configuration: InlinePtr #cards 5 size 8 Array Of Cards #cards 12 size 40 Howl #buckets 4 coarsen threshold 1843 Howl Bitmap #cards 512 size 80 coarsen threshold 460 Card regions per heap region 1 cards per card region 2048
 CPUs: 4 total, 4 available
 Memory: 16049M
 Large Page Support: Disabled
 NUMA Support: Disabled
 Compressed Oops: Enabled (32-bit)
 Heap Region Size: 1M
 Heap Min Capacity: 256M
 Heap Initial Capacity: 256M
 Heap Max Capacity: 512M
 Pre-touch: Disabled
 Parallel Workers: 4
 Concurrent Workers: 1
 Concurrent Refinement Workers: 4
 Periodic GC: Disabled

Heap:
 garbage-first heap   total 280576K, used 224503K [0x00000000e0000000, 0x0000000100000000)
  region size 1024K, 124 young (126976K), 11 survivors (11264K)
 Metaspace       used 125580K, committed 127616K, reserved 458752K
  class space    used 16695K, committed 17664K, reserved 327680K

Heap Regions: E=young(eden), S=young(survivor), O=old, HS=humongous(starts), HC=humongous(continues), CS=collection set, F=free, TAMS=top-at-mark-start, PB=parsable bottom
|   0|0x00000000e0000000, 0x00000000e0100000, 0x00000000e0100000|100%|HS|  |TAMS 0x00000000e0000000| PB 0x00000000e0000000| Complete 
|   1|0x00000000e0100000, 0x00000000e0200000, 0x00000000e0200000|100%|HC|  |TAMS 0x00000000e0100000| PB 0x00000000e0100000| Complete 
|   2|0x00000000e0200000, 0x00000000e0300000, 0x00000000e0300000|100%|HC|  |TAMS 0x00000000e0200000| PB 0x00000000e0200000| Complete 
|   3|0x00000000e0300000, 0x00000000e0400000, 0x00000000e0400000|100%| O|  |TAMS 0x00000000e0300000| PB 0x00000000e0300000| Untracked 
|   4|0x00000000e0400000, 0x00000000e0500000, 0x00000000e0500000|100%| O|  |TAMS 0x00000000e0400000| PB 0x00000000e0400000| Untracked 
|   5|0x00000000e0500000, 0x00000000e0600000, 0x00000000e0600000|100%| O|  |TAMS 0x00000000e0500000| PB 0x00000000e0500000| Untracked 
|   6|0x00000000e0600000, 0x00000000e0700000, 0x00000000e0700000|100%|HS|  |TAMS 0x00000000e0600000| PB 0x00000000e0600000| Complete 
|   7|0x00000000e0700000, 0x00000000e0800000, 0x00000000e0800000|100%| O|  |TAMS 0x00000000e0700000| PB 0x00000000e0700000| Untracked 
|   8|0x00000000e0800000, 0x00000000e0900000, 0x00000000e0900000|100%| O|  |TAMS 0x00000000e0800000| PB 0x00000000e0800000| Untracked 
|   9|0x00000000e0900000, 0x00000000e0a00000, 0x00000000e0a00000|100%| O|  |TAMS 0x00000000e0900000| PB 0x00000000e0900000| Untracked 
|  10|0x00000000e0a00000, 0x00000000e0b00000, 0x00000000e0b00000|100%| O|  |TAMS 0x00000000e0a00000| PB 0x00000000e0a00000| Untracked 
|  11|0x00000000e0b00000, 0x00000000e0c00000, 0x00000000e0c00000|100%| O|  |TAMS 0x00000000e0b00000| PB 0x00000000e0b00000| Untracked 
|  12|0x00000000e0c00000, 0x00000000e0d00000, 0x00000000e0d00000|100%| O|  |TAMS 0x00000000e0c00000| PB 0x00000000e0c00000| Untracked 
|  13|0x00000000e0d00000, 0x00000000e0e00000, 0x00000000e0e00000|100%| O|  |TAMS 0x00000000e0d00000| PB 0x00000000e0d00000| Untracked 
|  14|0x00000000e0e00000, 0x00000000e0f00000, 0x00000000e0f00000|100%| O|  |TAMS 0x00000000e0e00000| PB 0x00000000e0e00000| Untracked 
|  15|0x00000000e0f00000, 0x00000000e1000000, 0x00000000e1000000|100%| O|  |TAMS 0x00000000e0f00000| PB 0x00000000e0f00000| Untracked 
|  16|0x00000000e1000000, 0x00000000e1100000, 0x00000000e1100000|100%| O|  |TAMS 0x00000000e1000000| PB 0x00000000e1000000| Untracked 
|  17|0x00000000e1100000, 0x00000000e1200000, 0x00000000e1200000|100%| O|  |TAMS 0x00000000e1100000| PB 0x00000000e1100000| Untracked 
|  18|0x00000000e1200000, 0x00000000e1300000, 0x00000000e1300000|100%| O|  |TAMS 0x00000000e1200000| PB 0x00000000e1200000| Untracked 
|  19|0x00000000e1300000, 0x00000000e1400000, 0x00000000e1400000|100%| O|  |TAMS 0x00000000e1300000| PB 0x00000000e1300000| Untracked 
|  20|0x00000000e1400000, 0x00000000e1500000, 0x00000000e1500000|100%| O|  |TAMS 0x00000000e1400000| PB 0x00000000e1400000| Untracked 
|  21|0x00000000e1500000, 0x00000000e1600000, 0x00000000e1600000|100%| O|  |TAMS 0x00000000e1500000| PB 0x00000000e1500000| Untracked 
|  22|0x00000000e1600000, 0x00000000e1700000, 0x00000000e1700000|100%| O|  |TAMS 0x00000000e1600000| PB 0x00000000e1600000| Untracked 
|  23|0x00000000e1700000, 0x00000000e1800000, 0x00000000e1800000|100%| O|  |TAMS 0x00000000e1700000| PB 0x00000000e1700000| Untracked 
|  24|0x00000000e1800000, 0x00000000e1900000, 0x00000000e1900000|100%| O|  |TAMS 0x00000000e1800000| PB 0x00000000e1800000| Untracked 
|  25|0x00000000e1900000, 0x00000000e1a00000, 0x00000000e1a00000|100%| O|  |TAMS 0x00000000e1900000| PB 0x00000000e1900000| Untracked 
|  26|0x00000000e1a00000, 0x00000000e1b00000, 0x00000000e1b00000|100%| O|  |TAMS 0x00000000e1a00000| PB 0x00000000e1a00000| Untracked 
|  27|0x00000000e1b00000, 0x00000000e1c00000, 0x00000000e1c00000|100%| O|  |TAMS 0x00000000e1b00000| PB 0x00000000e1b00000| Untracked 
|  28|0x00000000e1c00000, 0x00000000e1d00000, 0x00000000e1d00000|100%| O|  |TAMS 0x00000000e1c00000| PB 0x00000000e1c00000| Untracked 
|  29|0x00000000e1d00000, 0x00000000e1e00000, 0x00000000e1e00000|100%| O|  |TAMS 0x00000000e1d00000| PB 0x00000000e1d00000| Untracked 
|  30|0x00000000e1e00000, 0x00000000e1f00000, 0x00000000e1f00000|100%| O|  |TAMS 0x00000000e1e00000| PB 0x00000000e1e00000| Untracked 
|  31|0x00000000e1f00000, 0x00000000e2000000, 0x00000000e2000000|100%| O|  |TAMS 0x00000000e1f00000| PB 0x00000000e1f00000| Untracked 
|  32|0x00000000e2000000, 0x00000000e2100000, 0x00000000e2100000|100%| O|  |TAMS 0x00000000e2000000| PB 0x00000000e2000000| Untracked 
|  33|0x00000000e2100000, 0x00000000e2200000, 0x00000000e2200000|100%| O|  |TAMS 0x00000000e2100000| PB 0x00000000e2100000| Untracked 
|  34|0x00000000e2200000, 0x00000000e2300000, 0x00000000e2300000|100%| O|  |TAMS 0x00000000e2200000| PB 0x00000000e2200000| Untracked 
|  35|0x00000000e2300000, 0x00000000e2400000, 0x00000000e2400000|100%| O|  |TAMS 0x00000000e2300000| PB 0x00000000e2300000| Untracked 
|  36|0x00000000e2400000, 0x00000000e2500000, 0x00000000e2500000|100%| O|  |TAMS 0x00000000e2400000| PB 0x00000000e2400000| Untracked 
|  37|0x00000000e2500000, 0x00000000e2600000, 0x00000000e2600000|100%| O|  |TAMS 0x00000000e2500000| PB 0x00000000e2500000| Untracked 
|  38|0x00000000e2600000, 0x00000000e2700000, 0x00000000e2700000|100%| O|  |TAMS 0x00000000e2600000| PB 0x00000000e2600000| Untracked 
|  39|0x00000000e2700000, 0x00000000e2800000, 0x00000000e2800000|100%| O|  |TAMS 0x00000000e2700000| PB 0x00000000e2700000| Untracked 
|  40|0x00000000e2800000, 0x00000000e2900000, 0x00000000e2900000|100%| O|  |TAMS 0x00000000e2800000| PB 0x00000000e2800000| Untracked 
|  41|0x00000000e2900000, 0x00000000e2a00000, 0x00000000e2a00000|100%| O|  |TAMS 0x00000000e2900000| PB 0x00000000e2900000| Untracked 
|  42|0x00000000e2a00000, 0x00000000e2b00000, 0x00000000e2b00000|100%| O|  |TAMS 0x00000000e2a00000| PB 0x00000000e2a00000| Untracked 
|  43|0x00000000e2b00000, 0x00000000e2c00000, 0x00000000e2c00000|100%| O|  |TAMS 0x00000000e2b00000| PB 0x00000000e2b00000| Untracked 
|  44|0x00000000e2c00000, 0x00000000e2d00000, 0x00000000e2d00000|100%| O|  |TAMS 0x00000000e2c00000| PB 0x00000000e2c00000| Untracked 
|  45|0x00000000e2d00000, 0x00000000e2e00000, 0x00000000e2e00000|100%| O|  |TAMS 0x00000000e2d00000| PB 0x00000000e2d00000| Untracked 
|  46|0x00000000e2e00000, 0x00000000e2f00000, 0x00000000e2f00000|100%| O|  |TAMS 0x00000000e2e00000| PB 0x00000000e2e00000| Untracked 
|  47|0x00000000e2f00000, 0x00000000e3000000, 0x00000000e3000000|100%| O|  |TAMS 0x00000000e2f00000| PB 0x00000000e2f00000| Untracked 
|  48|0x00000000e3000000, 0x00000000e3100000, 0x00000000e3100000|100%| O|  |TAMS 0x00000000e3000000| PB 0x00000000e3000000| Untracked 
|  49|0x00000000e3100000, 0x00000000e3200000, 0x00000000e3200000|100%| O|  |TAMS 0x00000000e3100000| PB 0x00000000e3100000| Untracked 
|  50|0x00000000e3200000, 0x00000000e3300000, 0x00000000e3300000|100%| O|  |TAMS 0x00000000e3200000| PB 0x00000000e3200000| Untracked 
|  51|0x00000000e3300000, 0x00000000e3400000, 0x00000000e3400000|100%| O|  |TAMS 0x00000000e3300000| PB 0x00000000e3300000| Untracked 
|  52|0x00000000e3400000, 0x00000000e3500000, 0x00000000e3500000|100%| O|  |TAMS 0x00000000e3400000| PB 0x00000000e3400000| Untracked 
|  53|0x00000000e3500000, 0x00000000e3600000, 0x00000000e3600000|100%| O|  |TAMS 0x00000000e3500000| PB 0x00000000e3500000| Untracked 
|  54|0x00000000e3600000, 0x00000000e3700000, 0x00000000e3700000|100%| O|  |TAMS 0x00000000e3600000| PB 0x00000000e3600000| Untracked 
|  55|0x00000000e3700000, 0x00000000e3800000, 0x00000000e3800000|100%| O|  |TAMS 0x00000000e3700000| PB 0x00000000e3700000| Untracked 
|  56|0x00000000e3800000, 0x00000000e3900000, 0x00000000e3900000|100%| O|  |TAMS 0x00000000e3800000| PB 0x00000000e3800000| Untracked 
|  57|0x00000000e3900000, 0x00000000e3a00000, 0x00000000e3a00000|100%|HS|  |TAMS 0x00000000e3900000| PB 0x00000000e3900000| Complete 
|  58|0x00000000e3a00000, 0x00000000e3b00000, 0x00000000e3b00000|100%|HC|  |TAMS 0x00000000e3a00000| PB 0x00000000e3a00000| Complete 
|  59|0x00000000e3b00000, 0x00000000e3c00000, 0x00000000e3c00000|100%| O|  |TAMS 0x00000000e3b00000| PB 0x00000000e3b00000| Untracked 
|  60|0x00000000e3c00000, 0x00000000e3d00000, 0x00000000e3d00000|100%| O|  |TAMS 0x00000000e3c00000| PB 0x00000000e3c00000| Untracked 
|  61|0x00000000e3d00000, 0x00000000e3e00000, 0x00000000e3e00000|100%| O|  |TAMS 0x00000000e3d00000| PB 0x00000000e3d00000| Untracked 
|  62|0x00000000e3e00000, 0x00000000e3f00000, 0x00000000e3f00000|100%| O|  |TAMS 0x00000000e3e00000| PB 0x00000000e3e00000| Untracked 
|  63|0x00000000e3f00000, 0x00000000e3f00000, 0x00000000e4000000|  0%| F|  |TAMS 0x00000000e3f00000| PB 0x00000000e3f00000| Untracked 
|  64|0x00000000e4000000, 0x00000000e4100000, 0x00000000e4100000|100%| O|Cm|TAMS 0x00000000e4000000| PB 0x00000000e4000000| Complete 
|  65|0x00000000e4100000, 0x00000000e4200000, 0x00000000e4200000|100%| O|  |TAMS 0x00000000e4100000| PB 0x00000000e4100000| Untracked 
|  66|0x00000000e4200000, 0x00000000e4200000, 0x00000000e4300000|  0%| F|  |TAMS 0x00000000e4200000| PB 0x00000000e4200000| Untracked 
|  67|0x00000000e4300000, 0x00000000e4300000, 0x00000000e4400000|  0%| F|  |TAMS 0x00000000e4300000| PB 0x00000000e4300000| Untracked 
|  68|0x00000000e4400000, 0x00000000e4400000, 0x00000000e4500000|  0%| F|  |TAMS 0x00000000e4400000| PB 0x00000000e4400000| Untracked 
|  69|0x00000000e4500000, 0x00000000e4600000, 0x00000000e4600000|100%| O|  |TAMS 0x00000000e4500000| PB 0x00000000e4500000| Untracked 
|  70|0x00000000e4600000, 0x00000000e4600000, 0x00000000e4700000|  0%| F|  |TAMS 0x00000000e4600000| PB 0x00000000e4600000| Untracked 
|  71|0x00000000e4700000, 0x00000000e4800000, 0x00000000e4800000|100%| O|Cm|TAMS 0x00000000e4700000| PB 0x00000000e4700000| Complete 
|  72|0x00000000e4800000, 0x00000000e4900000, 0x00000000e4900000|100%| O|Cm|TAMS 0x00000000e4800000| PB 0x00000000e4800000| Complete 
|  73|0x00000000e4900000, 0x00000000e4900000, 0x00000000e4a00000|  0%| F|  |TAMS 0x00000000e4900000| PB 0x00000000e4900000| Untracked 
|  74|0x00000000e4a00000, 0x00000000e4a00000, 0x00000000e4b00000|  0%| F|  |TAMS 0x00000000e4a00000| PB 0x00000000e4a00000| Untracked 
|  75|0x00000000e4b00000, 0x00000000e4b00000, 0x00000000e4c00000|  0%| F|  |TAMS 0x00000000e4b00000| PB 0x00000000e4b00000| Untracked 
|  76|0x00000000e4c00000, 0x00000000e4c00000, 0x00000000e4d00000|  0%| F|  |TAMS 0x00000000e4c00000| PB 0x00000000e4c00000| Untracked 
|  77|0x00000000e4d00000, 0x00000000e4d00000, 0x00000000e4e00000|  0%| F|  |TAMS 0x00000000e4d00000| PB 0x00000000e4d00000| Untracked 
|  78|0x00000000e4e00000, 0x00000000e4e00000, 0x00000000e4f00000|  0%| F|  |TAMS 0x00000000e4e00000| PB 0x00000000e4e00000| Untracked 
|  79|0x00000000e4f00000, 0x00000000e4f00000, 0x00000000e5000000|  0%| F|  |TAMS 0x00000000e4f00000| PB 0x00000000e4f00000| Untracked 
|  80|0x00000000e5000000, 0x00000000e5000000, 0x00000000e5100000|  0%| F|  |TAMS 0x00000000e5000000| PB 0x00000000e5000000| Untracked 
|  81|0x00000000e5100000, 0x00000000e5100000, 0x00000000e5200000|  0%| F|  |TAMS 0x00000000e5100000| PB 0x00000000e5100000| Untracked 
|  82|0x00000000e5200000, 0x00000000e5200000, 0x00000000e5300000|  0%| F|  |TAMS 0x00000000e5200000| PB 0x00000000e5200000| Untracked 
|  83|0x00000000e5300000, 0x00000000e5300000, 0x00000000e5400000|  0%| F|  |TAMS 0x00000000e5300000| PB 0x00000000e5300000| Untracked 
|  84|0x00000000e5400000, 0x00000000e5400000, 0x00000000e5500000|  0%| F|  |TAMS 0x00000000e5400000| PB 0x00000000e5400000| Untracked 
|  85|0x00000000e5500000, 0x00000000e5600000, 0x00000000e5600000|100%| O|  |TAMS 0x00000000e5500000| PB 0x00000000e5500000| Untracked 
|  86|0x00000000e5600000, 0x00000000e5700000, 0x00000000e5700000|100%| O|  |TAMS 0x00000000e5600000| PB 0x00000000e5600000| Untracked 
|  87|0x00000000e5700000, 0x00000000e5800000, 0x00000000e5800000|100%| O|  |TAMS 0x00000000e5700000| PB 0x00000000e5700000| Untracked 
|  88|0x00000000e5800000, 0x00000000e5800000, 0x00000000e5900000|  0%| F|  |TAMS 0x00000000e5800000| PB 0x00000000e5800000| Untracked 
|  89|0x00000000e5900000, 0x00000000e5a00000, 0x00000000e5a00000|100%| O|  |TAMS 0x00000000e5900000| PB 0x00000000e5900000| Untracked 
|  90|0x00000000e5a00000, 0x00000000e5b00000, 0x00000000e5b00000|100%| O|  |TAMS 0x00000000e5a00000| PB 0x00000000e5a00000| Untracked 
|  91|0x00000000e5b00000, 0x00000000e5c00000, 0x00000000e5c00000|100%| O|  |TAMS 0x00000000e5b00000| PB 0x00000000e5b00000| Untracked 
|  92|0x00000000e5c00000, 0x00000000e5d00000, 0x00000000e5d00000|100%| O|  |TAMS 0x00000000e5c00000| PB 0x00000000e5c00000| Untracked 
|  93|0x00000000e5d00000, 0x00000000e5e00000, 0x00000000e5e00000|100%| O|  |TAMS 0x00000000e5d00000| PB 0x00000000e5d00000| Untracked 
|  94|0x00000000e5e00000, 0x00000000e5f00000, 0x00000000e5f00000|100%| O|  |TAMS 0x00000000e5e00000| PB 0x00000000e5e00000| Untracked 
|  95|0x00000000e5f00000, 0x00000000e6000000, 0x00000000e6000000|100%| O|  |TAMS 0x00000000e5f00000| PB 0x00000000e5f00000| Untracked 
|  96|0x00000000e6000000, 0x00000000e6000000, 0x00000000e6100000|  0%| F|  |TAMS 0x00000000e6000000| PB 0x00000000e6000000| Untracked 
|  97|0x00000000e6100000, 0x00000000e6200000, 0x00000000e6200000|100%|HS|  |TAMS 0x00000000e6100000| PB 0x00000000e6100000| Complete 
|  98|0x00000000e6200000, 0x00000000e6200000, 0x00000000e6300000|  0%| F|  |TAMS 0x00000000e6200000| PB 0x00000000e6200000| Untracked 
|  99|0x00000000e6300000, 0x00000000e6300000, 0x00000000e6400000|  0%| F|  |TAMS 0x00000000e6300000| PB 0x00000000e6300000| Untracked 
| 100|0x00000000e6400000, 0x00000000e6500000, 0x00000000e6500000|100%| O|  |TAMS 0x00000000e6400000| PB 0x00000000e6400000| Untracked 
| 101|0x00000000e6500000, 0x00000000e6600000, 0x00000000e6600000|100%| O|  |TAMS 0x00000000e6500000| PB 0x00000000e6500000| Untracked 
| 102|0x00000000e6600000, 0x00000000e6700000, 0x00000000e6700000|100%| O|  |TAMS 0x00000000e6600000| PB 0x00000000e6600000| Untracked 
| 103|0x00000000e6700000, 0x00000000e6800000, 0x00000000e6800000|100%| O|  |TAMS 0x00000000e6700000| PB 0x00000000e6700000| Untracked 
| 104|0x00000000e6800000, 0x00000000e6900000, 0x00000000e6900000|100%|HS|  |TAMS 0x00000000e6800000| PB 0x00000000e6800000| Complete 
| 105|0x00000000e6900000, 0x00000000e6a00000, 0x00000000e6a00000|100%|HC|  |TAMS 0x00000000e6900000| PB 0x00000000e6900000| Complete 
| 106|0x00000000e6a00000, 0x00000000e6b00000, 0x00000000e6b00000|100%|HC|  |TAMS 0x00000000e6a00000| PB 0x00000000e6a00000| Complete 
| 107|0x00000000e6b00000, 0x00000000e6c00000, 0x00000000e6c00000|100%|HC|  |TAMS 0x00000000e6b00000| PB 0x00000000e6b00000| Complete 
| 108|0x00000000e6c00000, 0x00000000e6d00000, 0x00000000e6d00000|100%|HC|  |TAMS 0x00000000e6c00000| PB 0x00000000e6c00000| Complete 
| 109|0x00000000e6d00000, 0x00000000e6e00000, 0x00000000e6e00000|100%|HC|  |TAMS 0x00000000e6d00000| PB 0x00000000e6d00000| Complete 
| 110|0x00000000e6e00000, 0x00000000e6f00000, 0x00000000e6f00000|100%| O|  |TAMS 0x00000000e6e00000| PB 0x00000000e6e00000| Untracked 
| 111|0x00000000e6f00000, 0x00000000e7000000, 0x00000000e7000000|100%| O|  |TAMS 0x00000000e6f00000| PB 0x00000000e6f00000| Untracked 
| 112|0x00000000e7000000, 0x00000000e7100000, 0x00000000e7100000|100%| O|  |TAMS 0x00000000e7000000| PB 0x00000000e7000000| Untracked 
| 113|0x00000000e7100000, 0x00000000e7200000, 0x00000000e7200000|100%| O|  |TAMS 0x00000000e7100000| PB 0x00000000e7100000| Untracked 
| 114|0x00000000e7200000, 0x00000000e7300000, 0x00000000e7300000|100%| O|  |TAMS 0x00000000e7200000| PB 0x00000000e7200000| Untracked 
| 115|0x00000000e7300000, 0x00000000e7400000, 0x00000000e7400000|100%| O|  |TAMS 0x00000000e7300000| PB 0x00000000e7300000| Untracked 
| 116|0x00000000e7400000, 0x00000000e7500000, 0x00000000e7500000|100%| O|  |TAMS 0x00000000e7400000| PB 0x00000000e7400000| Untracked 
| 117|0x00000000e7500000, 0x00000000e75d8400, 0x00000000e7600000| 84%| O|  |TAMS 0x00000000e7500000| PB 0x00000000e7500000| Untracked 
| 118|0x00000000e7600000, 0x00000000e7600000, 0x00000000e7700000|  0%| F|  |TAMS 0x00000000e7600000| PB 0x00000000e7600000| Untracked 
| 119|0x00000000e7700000, 0x00000000e7700000, 0x00000000e7800000|  0%| F|  |TAMS 0x00000000e7700000| PB 0x00000000e7700000| Untracked 
| 120|0x00000000e7800000, 0x00000000e7800000, 0x00000000e7900000|  0%| F|  |TAMS 0x00000000e7800000| PB 0x00000000e7800000| Untracked 
| 121|0x00000000e7900000, 0x00000000e7900000, 0x00000000e7a00000|  0%| F|  |TAMS 0x00000000e7900000| PB 0x00000000e7900000| Untracked 
| 122|0x00000000e7a00000, 0x00000000e7a00000, 0x00000000e7b00000|  0%| F|  |TAMS 0x00000000e7a00000| PB 0x00000000e7a00000| Untracked 
| 123|0x00000000e7b00000, 0x00000000e7b00000, 0x00000000e7c00000|  0%| F|  |TAMS 0x00000000e7b00000| PB 0x00000000e7b00000| Untracked 
| 124|0x00000000e7c00000, 0x00000000e7c00000, 0x00000000e7d00000|  0%| F|  |TAMS 0x00000000e7c00000| PB 0x00000000e7c00000| Untracked 
| 125|0x00000000e7d00000, 0x00000000e7d65a80, 0x00000000e7e00000| 39%| S|CS|TAMS 0x00000000e7d00000| PB 0x00000000e7d00000| Complete 
| 126|0x00000000e7e00000, 0x00000000e7f00000, 0x00000000e7f00000|100%| S|CS|TAMS 0x00000000e7e00000| PB 0x00000000e7e00000| Complete 
| 127|0x00000000e7f00000, 0x00000000e8000000, 0x00000000e8000000|100%| S|CS|TAMS 0x00000000e7f00000| PB 0x00000000e7f00000| Complete 
| 128|0x00000000e8000000, 0x00000000e8100000, 0x00000000e8100000|100%| S|CS|TAMS 0x00000000e8000000| PB 0x00000000e8000000| Complete 
| 129|0x00000000e8100000, 0x00000000e8200000, 0x00000000e8200000|100%| S|CS|TAMS 0x00000000e8100000| PB 0x00000000e8100000| Complete 
| 130|0x00000000e8200000, 0x00000000e8300000, 0x00000000e8300000|100%| S|CS|TAMS 0x00000000e8200000| PB 0x00000000e8200000| Complete 
| 131|0x00000000e8300000, 0x00000000e8400000, 0x00000000e8400000|100%| S|CS|TAMS 0x00000000e8300000| PB 0x00000000e8300000| Complete 
| 132|0x00000000e8400000, 0x00000000e8500000, 0x00000000e8500000|100%| S|CS|TAMS 0x00000000e8400000| PB 0x00000000e8400000| Complete 
| 133|0x00000000e8500000, 0x00000000e8600000, 0x00000000e8600000|100%| S|CS|TAMS 0x00000000e8500000| PB 0x00000000e8500000| Complete 
| 134|0x00000000e8600000, 0x00000000e8700000, 0x00000000e8700000|100%| S|CS|TAMS 0x00000000e8600000| PB 0x00000000e8600000| Complete 
| 135|0x00000000e8700000, 0x00000000e8800000, 0x00000000e8800000|100%| S|CS|TAMS 0x00000000e8700000| PB 0x00000000e8700000| Complete 
| 136|0x00000000e8800000, 0x00000000e8800000, 0x00000000e8900000|  0%| F|  |TAMS 0x00000000e8800000| PB 0x00000000e8800000| Untracked 
| 137|0x00000000e8900000, 0x00000000e8900000, 0x00000000e8a00000|  0%| F|  |TAMS 0x00000000e8900000| PB 0x00000000e8900000| Untracked 
| 138|0x00000000e8a00000, 0x00000000e8a00000, 0x00000000e8b00000|  0%| F|  |TAMS 0x00000000e8a00000| PB 0x00000000e8a00000| Untracked 
| 139|0x00000000e8b00000, 0x00000000e8b00000, 0x00000000e8c00000|  0%| F|  |TAMS 0x00000000e8b00000| PB 0x00000000e8b00000| Untracked 
| 140|0x00000000e8c00000, 0x00000000e8c00000, 0x00000000e8d00000|  0%| F|  |TAMS 0x00000000e8c00000| PB 0x00000000e8c00000| Untracked 
| 141|0x00000000e8d00000, 0x00000000e8d00000, 0x00000000e8e00000|  0%| F|  |TAMS 0x00000000e8d00000| PB 0x00000000e8d00000| Untracked 
| 142|0x00000000e8e00000, 0x00000000e8e00000, 0x00000000e8f00000|  0%| F|  |TAMS 0x00000000e8e00000| PB 0x00000000e8e00000| Untracked 
| 143|0x00000000e8f00000, 0x00000000e8f00000, 0x00000000e9000000|  0%| F|  |TAMS 0x00000000e8f00000| PB 0x00000000e8f00000| Untracked 
| 144|0x00000000e9000000, 0x00000000e9000000, 0x00000000e9100000|  0%| F|  |TAMS 0x00000000e9000000| PB 0x00000000e9000000| Untracked 
| 145|0x00000000e9100000, 0x00000000e9100000, 0x00000000e9200000|  0%| F|  |TAMS 0x00000000e9100000| PB 0x00000000e9100000| Untracked 
| 146|0x00000000e9200000, 0x00000000e9200000, 0x00000000e9300000|  0%| F|  |TAMS 0x00000000e9200000| PB 0x00000000e9200000| Untracked 
| 147|0x00000000e9300000, 0x00000000e9300000, 0x00000000e9400000|  0%| F|  |TAMS 0x00000000e9300000| PB 0x00000000e9300000| Untracked 
| 148|0x00000000e9400000, 0x00000000e9400000, 0x00000000e9500000|  0%| F|  |TAMS 0x00000000e9400000| PB 0x00000000e9400000| Untracked 
| 149|0x00000000e9500000, 0x00000000e9500000, 0x00000000e9600000|  0%| F|  |TAMS 0x00000000e9500000| PB 0x00000000e9500000| Untracked 
| 150|0x00000000e9600000, 0x00000000e9600000, 0x00000000e9700000|  0%| F|  |TAMS 0x00000000e9600000| PB 0x00000000e9600000| Untracked 
| 151|0x00000000e9700000, 0x00000000e9700000, 0x00000000e9800000|  0%| F|  |TAMS 0x00000000e9700000| PB 0x00000000e9700000| Untracked 
| 152|0x00000000e9800000, 0x00000000e9800000, 0x00000000e9900000|  0%| F|  |TAMS 0x00000000e9800000| PB 0x00000000e9800000| Untracked 
| 153|0x00000000e9900000, 0x00000000e9900000, 0x00000000e9a00000|  0%| F|  |TAMS 0x00000000e9900000| PB 0x00000000e9900000| Untracked 
| 154|0x00000000e9a00000, 0x00000000e9a00000, 0x00000000e9b00000|  0%| F|  |TAMS 0x00000000e9a00000| PB 0x00000000e9a00000| Untracked 
| 155|0x00000000e9b00000, 0x00000000e9b00000, 0x00000000e9c00000|  0%| F|  |TAMS 0x00000000e9b00000| PB 0x00000000e9b00000| Untracked 
| 156|0x00000000e9c00000, 0x00000000e9c00000, 0x00000000e9d00000|  0%| F|  |TAMS 0x00000000e9c00000| PB 0x00000000e9c00000| Untracked 
| 157|0x00000000e9d00000, 0x00000000e9d00000, 0x00000000e9e00000|  0%| F|  |TAMS 0x00000000e9d00000| PB 0x00000000e9d00000| Untracked 
| 158|0x00000000e9e00000, 0x00000000e9e00000, 0x00000000e9f00000|  0%| F|  |TAMS 0x00000000e9e00000| PB 0x00000000e9e00000| Untracked 
| 159|0x00000000e9f00000, 0x00000000e9f00000, 0x00000000ea000000|  0%| F|  |TAMS 0x00000000e9f00000| PB 0x00000000e9f00000| Untracked 
| 160|0x00000000ea000000, 0x00000000ea087c20, 0x00000000ea100000| 53%| E|  |TAMS 0x00000000ea000000| PB 0x00000000ea000000| Complete 
| 161|0x00000000ea100000, 0x00000000ea200000, 0x00000000ea200000|100%| E|CS|TAMS 0x00000000ea100000| PB 0x00000000ea100000| Complete 
| 162|0x00000000ea200000, 0x00000000ea300000, 0x00000000ea300000|100%| E|CS|TAMS 0x00000000ea200000| PB 0x00000000ea200000| Complete 
| 163|0x00000000ea300000, 0x00000000ea400000, 0x00000000ea400000|100%| E|CS|TAMS 0x00000000ea300000| PB 0x00000000ea300000| Complete 
| 164|0x00000000ea400000, 0x00000000ea500000, 0x00000000ea500000|100%| E|CS|TAMS 0x00000000ea400000| PB 0x00000000ea400000| Complete 
| 165|0x00000000ea500000, 0x00000000ea600000, 0x00000000ea600000|100%| E|CS|TAMS 0x00000000ea500000| PB 0x00000000ea500000| Complete 
| 166|0x00000000ea600000, 0x00000000ea700000, 0x00000000ea700000|100%| E|CS|TAMS 0x00000000ea600000| PB 0x00000000ea600000| Complete 
| 167|0x00000000ea700000, 0x00000000ea800000, 0x00000000ea800000|100%| E|CS|TAMS 0x00000000ea700000| PB 0x00000000ea700000| Complete 
| 168|0x00000000ea800000, 0x00000000ea900000, 0x00000000ea900000|100%| E|CS|TAMS 0x00000000ea800000| PB 0x00000000ea800000| Complete 
| 169|0x00000000ea900000, 0x00000000eaa00000, 0x00000000eaa00000|100%| E|CS|TAMS 0x00000000ea900000| PB 0x00000000ea900000| Complete 
| 170|0x00000000eaa00000, 0x00000000eab00000, 0x00000000eab00000|100%| E|CS|TAMS 0x00000000eaa00000| PB 0x00000000eaa00000| Complete 
| 171|0x00000000eab00000, 0x00000000eac00000, 0x00000000eac00000|100%| E|CS|TAMS 0x00000000eab00000| PB 0x00000000eab00000| Complete 
| 172|0x00000000eac00000, 0x00000000ead00000, 0x00000000ead00000|100%| E|CS|TAMS 0x00000000eac00000| PB 0x00000000eac00000| Complete 
| 173|0x00000000ead00000, 0x00000000eae00000, 0x00000000eae00000|100%| E|  |TAMS 0x00000000ead00000| PB 0x00000000ead00000| Complete 
| 174|0x00000000eae00000, 0x00000000eaf00000, 0x00000000eaf00000|100%| E|CS|TAMS 0x00000000eae00000| PB 0x00000000eae00000| Complete 
| 175|0x00000000eaf00000, 0x00000000eb000000, 0x00000000eb000000|100%| E|CS|TAMS 0x00000000eaf00000| PB 0x00000000eaf00000| Complete 
| 176|0x00000000eb000000, 0x00000000eb100000, 0x00000000eb100000|100%| E|CS|TAMS 0x00000000eb000000| PB 0x00000000eb000000| Complete 
| 177|0x00000000eb100000, 0x00000000eb200000, 0x00000000eb200000|100%| E|CS|TAMS 0x00000000eb100000| PB 0x00000000eb100000| Complete 
| 178|0x00000000eb200000, 0x00000000eb300000, 0x00000000eb300000|100%| E|CS|TAMS 0x00000000eb200000| PB 0x00000000eb200000| Complete 
| 179|0x00000000eb300000, 0x00000000eb400000, 0x00000000eb400000|100%| E|CS|TAMS 0x00000000eb300000| PB 0x00000000eb300000| Complete 
| 180|0x00000000eb400000, 0x00000000eb500000, 0x00000000eb500000|100%| E|CS|TAMS 0x00000000eb400000| PB 0x00000000eb400000| Complete 
| 181|0x00000000eb500000, 0x00000000eb600000, 0x00000000eb600000|100%| E|CS|TAMS 0x00000000eb500000| PB 0x00000000eb500000| Complete 
| 182|0x00000000eb600000, 0x00000000eb700000, 0x00000000eb700000|100%| E|CS|TAMS 0x00000000eb600000| PB 0x00000000eb600000| Complete 
| 183|0x00000000eb700000, 0x00000000eb800000, 0x00000000eb800000|100%| E|CS|TAMS 0x00000000eb700000| PB 0x00000000eb700000| Complete 
| 184|0x00000000eb800000, 0x00000000eb900000, 0x00000000eb900000|100%| E|CS|TAMS 0x00000000eb800000| PB 0x00000000eb800000| Complete 
| 185|0x00000000eb900000, 0x00000000eba00000, 0x00000000eba00000|100%| E|CS|TAMS 0x00000000eb900000| PB 0x00000000eb900000| Complete 
| 186|0x00000000eba00000, 0x00000000ebb00000, 0x00000000ebb00000|100%| E|CS|TAMS 0x00000000eba00000| PB 0x00000000eba00000| Complete 
| 187|0x00000000ebb00000, 0x00000000ebc00000, 0x00000000ebc00000|100%| E|CS|TAMS 0x00000000ebb00000| PB 0x00000000ebb00000| Complete 
| 188|0x00000000ebc00000, 0x00000000ebd00000, 0x00000000ebd00000|100%| E|CS|TAMS 0x00000000ebc00000| PB 0x00000000ebc00000| Complete 
| 189|0x00000000ebd00000, 0x00000000ebe00000, 0x00000000ebe00000|100%| E|CS|TAMS 0x00000000ebd00000| PB 0x00000000ebd00000| Complete 
| 190|0x00000000ebe00000, 0x00000000ebf00000, 0x00000000ebf00000|100%| E|CS|TAMS 0x00000000ebe00000| PB 0x00000000ebe00000| Complete 
| 191|0x00000000ebf00000, 0x00000000ec000000, 0x00000000ec000000|100%| E|CS|TAMS 0x00000000ebf00000| PB 0x00000000ebf00000| Complete 
| 192|0x00000000ec000000, 0x00000000ec100000, 0x00000000ec100000|100%| E|CS|TAMS 0x00000000ec000000| PB 0x00000000ec000000| Complete 
| 193|0x00000000ec100000, 0x00000000ec200000, 0x00000000ec200000|100%| E|CS|TAMS 0x00000000ec100000| PB 0x00000000ec100000| Complete 
| 194|0x00000000ec200000, 0x00000000ec300000, 0x00000000ec300000|100%| E|CS|TAMS 0x00000000ec200000| PB 0x00000000ec200000| Complete 
| 195|0x00000000ec300000, 0x00000000ec400000, 0x00000000ec400000|100%| E|CS|TAMS 0x00000000ec300000| PB 0x00000000ec300000| Complete 
| 196|0x00000000ec400000, 0x00000000ec500000, 0x00000000ec500000|100%| E|CS|TAMS 0x00000000ec400000| PB 0x00000000ec400000| Complete 
| 197|0x00000000ec500000, 0x00000000ec600000, 0x00000000ec600000|100%| E|CS|TAMS 0x00000000ec500000| PB 0x00000000ec500000| Complete 
| 198|0x00000000ec600000, 0x00000000ec700000, 0x00000000ec700000|100%| E|CS|TAMS 0x00000000ec600000| PB 0x00000000ec600000| Complete 
| 199|0x00000000ec700000, 0x00000000ec800000, 0x00000000ec800000|100%| E|CS|TAMS 0x00000000ec700000| PB 0x00000000ec700000| Complete 
| 200|0x00000000ec800000, 0x00000000ec900000, 0x00000000ec900000|100%| E|CS|TAMS 0x00000000ec800000| PB 0x00000000ec800000| Complete 
| 201|0x00000000ec900000, 0x00000000eca00000, 0x00000000eca00000|100%| E|CS|TAMS 0x00000000ec900000| PB 0x00000000ec900000| Complete 
| 202|0x00000000eca00000, 0x00000000ecb00000, 0x00000000ecb00000|100%| E|CS|TAMS 0x00000000eca00000| PB 0x00000000eca00000| Complete 
| 203|0x00000000ecb00000, 0x00000000ecc00000, 0x00000000ecc00000|100%| E|CS|TAMS 0x00000000ecb00000| PB 0x00000000ecb00000| Complete 
| 204|0x00000000ecc00000, 0x00000000ecd00000, 0x00000000ecd00000|100%| E|CS|TAMS 0x00000000ecc00000| PB 0x00000000ecc00000| Complete 
| 205|0x00000000ecd00000, 0x00000000ece00000, 0x00000000ece00000|100%| E|CS|TAMS 0x00000000ecd00000| PB 0x00000000ecd00000| Complete 
| 206|0x00000000ece00000, 0x00000000ecf00000, 0x00000000ecf00000|100%| E|CS|TAMS 0x00000000ece00000| PB 0x00000000ece00000| Complete 
| 207|0x00000000ecf00000, 0x00000000ed000000, 0x00000000ed000000|100%| E|CS|TAMS 0x00000000ecf00000| PB 0x00000000ecf00000| Complete 
| 208|0x00000000ed000000, 0x00000000ed100000, 0x00000000ed100000|100%| E|CS|TAMS 0x00000000ed000000| PB 0x00000000ed000000| Complete 
| 209|0x00000000ed100000, 0x00000000ed200000, 0x00000000ed200000|100%| E|CS|TAMS 0x00000000ed100000| PB 0x00000000ed100000| Complete 
| 210|0x00000000ed200000, 0x00000000ed300000, 0x00000000ed300000|100%| E|CS|TAMS 0x00000000ed200000| PB 0x00000000ed200000| Complete 
| 211|0x00000000ed300000, 0x00000000ed400000, 0x00000000ed400000|100%| E|CS|TAMS 0x00000000ed300000| PB 0x00000000ed300000| Complete 
| 212|0x00000000ed400000, 0x00000000ed500000, 0x00000000ed500000|100%| E|CS|TAMS 0x00000000ed400000| PB 0x00000000ed400000| Complete 
| 213|0x00000000ed500000, 0x00000000ed600000, 0x00000000ed600000|100%| E|CS|TAMS 0x00000000ed500000| PB 0x00000000ed500000| Complete 
| 214|0x00000000ed600000, 0x00000000ed700000, 0x00000000ed700000|100%| E|CS|TAMS 0x00000000ed600000| PB 0x00000000ed600000| Complete 
| 215|0x00000000ed700000, 0x00000000ed800000, 0x00000000ed800000|100%| E|CS|TAMS 0x00000000ed700000| PB 0x00000000ed700000| Complete 
| 216|0x00000000ed800000, 0x00000000ed900000, 0x00000000ed900000|100%| E|CS|TAMS 0x00000000ed800000| PB 0x00000000ed800000| Complete 
| 217|0x00000000ed900000, 0x00000000eda00000, 0x00000000eda00000|100%| E|CS|TAMS 0x00000000ed900000| PB 0x00000000ed900000| Complete 
| 218|0x00000000eda00000, 0x00000000edb00000, 0x00000000edb00000|100%| E|CS|TAMS 0x00000000eda00000| PB 0x00000000eda00000| Complete 
| 219|0x00000000edb00000, 0x00000000edc00000, 0x00000000edc00000|100%| E|CS|TAMS 0x00000000edb00000| PB 0x00000000edb00000| Complete 
| 220|0x00000000edc00000, 0x00000000edd00000, 0x00000000edd00000|100%| E|CS|TAMS 0x00000000edc00000| PB 0x00000000edc00000| Complete 
| 221|0x00000000edd00000, 0x00000000ede00000, 0x00000000ede00000|100%| E|CS|TAMS 0x00000000edd00000| PB 0x00000000edd00000| Complete 
| 222|0x00000000ede00000, 0x00000000edf00000, 0x00000000edf00000|100%| E|CS|TAMS 0x00000000ede00000| PB 0x00000000ede00000| Complete 
| 223|0x00000000edf00000, 0x00000000ee000000, 0x00000000ee000000|100%| E|CS|TAMS 0x00000000edf00000| PB 0x00000000edf00000| Complete 
| 224|0x00000000ee000000, 0x00000000ee100000, 0x00000000ee100000|100%| E|CS|TAMS 0x00000000ee000000| PB 0x00000000ee000000| Complete 
| 225|0x00000000ee100000, 0x00000000ee200000, 0x00000000ee200000|100%| E|CS|TAMS 0x00000000ee100000| PB 0x00000000ee100000| Complete 
| 226|0x00000000ee200000, 0x00000000ee300000, 0x00000000ee300000|100%| E|CS|TAMS 0x00000000ee200000| PB 0x00000000ee200000| Complete 
| 227|0x00000000ee300000, 0x00000000ee400000, 0x00000000ee400000|100%| E|CS|TAMS 0x00000000ee300000| PB 0x00000000ee300000| Complete 
| 228|0x00000000ee400000, 0x00000000ee500000, 0x00000000ee500000|100%| E|CS|TAMS 0x00000000ee400000| PB 0x00000000ee400000| Complete 
| 229|0x00000000ee500000, 0x00000000ee600000, 0x00000000ee600000|100%| E|CS|TAMS 0x00000000ee500000| PB 0x00000000ee500000| Complete 
| 230|0x00000000ee600000, 0x00000000ee700000, 0x00000000ee700000|100%| E|CS|TAMS 0x00000000ee600000| PB 0x00000000ee600000| Complete 
| 231|0x00000000ee700000, 0x00000000ee800000, 0x00000000ee800000|100%| E|CS|TAMS 0x00000000ee700000| PB 0x00000000ee700000| Complete 
| 232|0x00000000ee800000, 0x00000000ee900000, 0x00000000ee900000|100%| E|CS|TAMS 0x00000000ee800000| PB 0x00000000ee800000| Complete 
| 233|0x00000000ee900000, 0x00000000eea00000, 0x00000000eea00000|100%| E|CS|TAMS 0x00000000ee900000| PB 0x00000000ee900000| Complete 
| 234|0x00000000eea00000, 0x00000000eeb00000, 0x00000000eeb00000|100%| E|CS|TAMS 0x00000000eea00000| PB 0x00000000eea00000| Complete 
| 235|0x00000000eeb00000, 0x00000000eec00000, 0x00000000eec00000|100%| E|CS|TAMS 0x00000000eeb00000| PB 0x00000000eeb00000| Complete 
| 236|0x00000000eec00000, 0x00000000eed00000, 0x00000000eed00000|100%| E|CS|TAMS 0x00000000eec00000| PB 0x00000000eec00000| Complete 
| 237|0x00000000eed00000, 0x00000000eee00000, 0x00000000eee00000|100%| E|CS|TAMS 0x00000000eed00000| PB 0x00000000eed00000| Complete 
| 238|0x00000000eee00000, 0x00000000eef00000, 0x00000000eef00000|100%| E|CS|TAMS 0x00000000eee00000| PB 0x00000000eee00000| Complete 
| 239|0x00000000eef00000, 0x00000000ef000000, 0x00000000ef000000|100%| E|CS|TAMS 0x00000000eef00000| PB 0x00000000eef00000| Complete 
| 240|0x00000000ef000000, 0x00000000ef100000, 0x00000000ef100000|100%| E|CS|TAMS 0x00000000ef000000| PB 0x00000000ef000000| Complete 
| 241|0x00000000ef100000, 0x00000000ef200000, 0x00000000ef200000|100%| E|CS|TAMS 0x00000000ef100000| PB 0x00000000ef100000| Complete 
| 242|0x00000000ef200000, 0x00000000ef300000, 0x00000000ef300000|100%| E|CS|TAMS 0x00000000ef200000| PB 0x00000000ef200000| Complete 
| 243|0x00000000ef300000, 0x00000000ef400000, 0x00000000ef400000|100%| E|CS|TAMS 0x00000000ef300000| PB 0x00000000ef300000| Complete 
| 244|0x00000000ef400000, 0x00000000ef500000, 0x00000000ef500000|100%| E|CS|TAMS 0x00000000ef400000| PB 0x00000000ef400000| Complete 
| 245|0x00000000ef500000, 0x00000000ef600000, 0x00000000ef600000|100%| E|CS|TAMS 0x00000000ef500000| PB 0x00000000ef500000| Complete 
| 246|0x00000000ef600000, 0x00000000ef700000, 0x00000000ef700000|100%| E|CS|TAMS 0x00000000ef600000| PB 0x00000000ef600000| Complete 
| 247|0x00000000ef700000, 0x00000000ef800000, 0x00000000ef800000|100%| E|CS|TAMS 0x00000000ef700000| PB 0x00000000ef700000| Complete 
| 248|0x00000000ef800000, 0x00000000ef900000, 0x00000000ef900000|100%| E|CS|TAMS 0x00000000ef800000| PB 0x00000000ef800000| Complete 
| 249|0x00000000ef900000, 0x00000000efa00000, 0x00000000efa00000|100%| E|CS|TAMS 0x00000000ef900000| PB 0x00000000ef900000| Complete 
| 250|0x00000000efa00000, 0x00000000efb00000, 0x00000000efb00000|100%| E|CS|TAMS 0x00000000efa00000| PB 0x00000000efa00000| Complete 
| 251|0x00000000efb00000, 0x00000000efc00000, 0x00000000efc00000|100%| E|CS|TAMS 0x00000000efb00000| PB 0x00000000efb00000| Complete 
| 252|0x00000000efc00000, 0x00000000efd00000, 0x00000000efd00000|100%| E|CS|TAMS 0x00000000efc00000| PB 0x00000000efc00000| Complete 
| 253|0x00000000efd00000, 0x00000000efe00000, 0x00000000efe00000|100%| E|CS|TAMS 0x00000000efd00000| PB 0x00000000efd00000| Complete 
| 254|0x00000000efe00000, 0x00000000eff00000, 0x00000000eff00000|100%| E|CS|TAMS 0x00000000efe00000| PB 0x00000000efe00000| Complete 
| 255|0x00000000eff00000, 0x00000000f0000000, 0x00000000f0000000|100%| E|CS|TAMS 0x00000000eff00000| PB 0x00000000eff00000| Complete 
| 256|0x00000000f0000000, 0x00000000f0100000, 0x00000000f0100000|100%| E|CS|TAMS 0x00000000f0000000| PB 0x00000000f0000000| Complete 
| 257|0x00000000f0100000, 0x00000000f0200000, 0x00000000f0200000|100%| E|CS|TAMS 0x00000000f0100000| PB 0x00000000f0100000| Complete 
| 258|0x00000000f0200000, 0x00000000f0300000, 0x00000000f0300000|100%| E|CS|TAMS 0x00000000f0200000| PB 0x00000000f0200000| Complete 
| 259|0x00000000f0300000, 0x00000000f0400000, 0x00000000f0400000|100%| E|CS|TAMS 0x00000000f0300000| PB 0x00000000f0300000| Complete 
| 260|0x00000000f0400000, 0x00000000f0500000, 0x00000000f0500000|100%| E|CS|TAMS 0x00000000f0400000| PB 0x00000000f0400000| Complete 
| 261|0x00000000f0500000, 0x00000000f0600000, 0x00000000f0600000|100%| E|CS|TAMS 0x00000000f0500000| PB 0x00000000f0500000| Complete 
| 262|0x00000000f0600000, 0x00000000f0700000, 0x00000000f0700000|100%| E|CS|TAMS 0x00000000f0600000| PB 0x00000000f0600000| Complete 
| 263|0x00000000f0700000, 0x00000000f0800000, 0x00000000f0800000|100%| E|CS|TAMS 0x00000000f0700000| PB 0x00000000f0700000| Complete 
| 264|0x00000000f0800000, 0x00000000f0900000, 0x00000000f0900000|100%| E|CS|TAMS 0x00000000f0800000| PB 0x00000000f0800000| Complete 
| 265|0x00000000f0900000, 0x00000000f0a00000, 0x00000000f0a00000|100%| E|CS|TAMS 0x00000000f0900000| PB 0x00000000f0900000| Complete 
| 266|0x00000000f0a00000, 0x00000000f0b00000, 0x00000000f0b00000|100%| E|CS|TAMS 0x00000000f0a00000| PB 0x00000000f0a00000| Complete 
| 267|0x00000000f0b00000, 0x00000000f0c00000, 0x00000000f0c00000|100%| E|CS|TAMS 0x00000000f0b00000| PB 0x00000000f0b00000| Complete 
| 268|0x00000000f0c00000, 0x00000000f0d00000, 0x00000000f0d00000|100%| E|CS|TAMS 0x00000000f0c00000| PB 0x00000000f0c00000| Complete 
| 269|0x00000000f0d00000, 0x00000000f0e00000, 0x00000000f0e00000|100%| E|CS|TAMS 0x00000000f0d00000| PB 0x00000000f0d00000| Complete 
| 270|0x00000000f0e00000, 0x00000000f0f00000, 0x00000000f0f00000|100%| E|CS|TAMS 0x00000000f0e00000| PB 0x00000000f0e00000| Complete 
| 271|0x00000000f0f00000, 0x00000000f1000000, 0x00000000f1000000|100%| E|CS|TAMS 0x00000000f0f00000| PB 0x00000000f0f00000| Complete 
| 272|0x00000000f1000000, 0x00000000f1100000, 0x00000000f1100000|100%| E|CS|TAMS 0x00000000f1000000| PB 0x00000000f1000000| Complete 
| 511|0x00000000fff00000, 0x0000000100000000, 0x0000000100000000|100%| O|  |TAMS 0x00000000fff00000| PB 0x00000000fff00000| Untracked 

Card table byte_map: [0x000001fd7bb70000,0x000001fd7bc70000] _byte_map_base: 0x000001fd7b470000

Marking Bits: (CMBitMap*) 0x000001fd78a39bf0
 Bits: [0x000001fd7bc70000, 0x000001fd7c470000)

Polling page: 0x000001fd781e0000

Metaspace:

Usage:
  Non-class:    106.38 MB used.
      Class:     16.31 MB used.
       Both:    122.70 MB used.

Virtual space:
  Non-class space:      128.00 MB reserved,     107.38 MB ( 84%) committed,  2 nodes.
      Class space:      320.00 MB reserved,      17.25 MB (  5%) committed,  1 nodes.
             Both:      448.00 MB reserved,     124.62 MB ( 28%) committed. 

Chunk freelists:
   Non-Class:  3.94 MB
       Class:  14.78 MB
        Both:  18.72 MB

MaxMetaspaceSize: 384.00 MB
CompressedClassSpaceSize: 320.00 MB
Initial GC threshold: 21.00 MB
Current GC threshold: 164.06 MB
CDS: off
 - commit_granule_bytes: 65536.
 - commit_granule_words: 8192.
 - virtual_space_node_default_size: 8388608.
 - enlarge_chunks_in_place: 1.
 - use_allocation_guard: 0.


Internal statistics:

num_allocs_failed_limit: 15.
num_arena_births: 3802.
num_arena_deaths: 12.
num_vsnodes_births: 3.
num_vsnodes_deaths: 0.
num_space_committed: 1992.
num_space_uncommitted: 0.
num_chunks_returned_to_freelist: 42.
num_chunks_taken_from_freelist: 8600.
num_chunk_merges: 16.
num_chunk_splits: 6133.
num_chunks_enlarged: 4372.
num_inconsistent_stats: 0.

CodeHeap 'non-profiled nmethods': size=120000Kb used=13258Kb max_used=13258Kb free=106742Kb
 bounds [0x000001fd07ad0000, 0x000001fd087d0000, 0x000001fd0f000000]
CodeHeap 'profiled nmethods': size=120000Kb used=26527Kb max_used=26527Kb free=93473Kb
 bounds [0x000001fd00000000, 0x000001fd019f0000, 0x000001fd07530000]
CodeHeap 'non-nmethods': size=5760Kb used=3019Kb max_used=3040Kb free=2740Kb
 bounds [0x000001fd07530000, 0x000001fd07840000, 0x000001fd07ad0000]
CodeCache: size=245760Kb, used=42804Kb, max_used=42825Kb, free=202955Kb
 total_blobs=13174, nmethods=12074, adapters=1004, full_count=0
Compilation: enabled, stopped_count=0, restarted_count=0

Compilation events (20 events):
Event: 73.844 Thread 0x000001fd7ecc77e0 nmethod 13180 0x000001fd087c0d10 code [0x000001fd087c0ea0, 0x000001fd087c0f70]
Event: 73.844 Thread 0x000001fd7ecc77e0 13181       1       org.jetbrains.kotlin.ir.builders.declarations.IrFunctionBuilder::setInline (6 bytes)
Event: 73.844 Thread 0x000001fd7ecc77e0 nmethod 13181 0x000001fd087c1010 code [0x000001fd087c11a0, 0x000001fd087c1270]
Event: 73.844 Thread 0x000001fd7ecc77e0 13169       1       org.jetbrains.kotlin.ir.types.impl.IrSimpleTypeBuilder::setKotlinType (6 bytes)
Event: 73.844 Thread 0x000001fd7ecc77e0 nmethod 13169 0x000001fd087c1310 code [0x000001fd087c14a0, 0x000001fd087c15b0]
Event: 73.848 Thread 0x000001fd7ecc77e0 13184       1       org.jetbrains.kotlin.ir.types.impl.IrSimpleTypeImpl::getClassifier (5 bytes)
Event: 73.848 Thread 0x000001fd7ecc77e0 nmethod 13184 0x000001fd087c1610 code [0x000001fd087c17a0, 0x000001fd087c1868]
Event: 73.848 Thread 0x000001fd7ecc77e0 13182       3       org.jetbrains.kotlin.ir.util.IrUtilsKt$special$$inlined$filterIsInstance$1::invoke (6 bytes)
Event: 73.848 Thread 0x000001fd7ecc77e0 nmethod 13182 0x000001fd019d7d90 code [0x000001fd019d7f60, 0x000001fd019d8280]
Event: 73.848 Thread 0x000001fd7ecc77e0 13183       3       org.jetbrains.kotlin.ir.util.IrUtilsKt$special$$inlined$filterIsInstance$1::invoke (8 bytes)
Event: 73.848 Thread 0x000001fd7ecc77e0 nmethod 13183 0x000001fd019d8390 code [0x000001fd019d8540, 0x000001fd019d8808]
Event: 73.848 Thread 0x000001fd7ecc77e0 13185   !   3       java.lang.invoke.DirectMethodHandle::makePreparedLambdaForm (756 bytes)
Event: 73.850 Thread 0x000001fd7ecc77e0 nmethod 13185 0x000001fd019d8910 code [0x000001fd019d8e60, 0x000001fd019dbbb0]
Event: 73.857 Thread 0x000001fd7ecc77e0 13190       3       org.jetbrains.kotlin.renderer.DescriptorRendererImpl$RenderDeclarationDescriptorVisitor::<init> (10 bytes)
Event: 73.857 Thread 0x000001fd7ecc77e0 nmethod 13190 0x000001fd019dcc90 code [0x000001fd019dce40, 0x000001fd019dd008]
Event: 73.857 Thread 0x000001fd7ecc77e0 13191       3       org.jetbrains.kotlin.descriptors.ModuleDescriptor$DefaultImpls::accept (15 bytes)
Event: 73.857 Thread 0x000001fd7ecc77e0 nmethod 13191 0x000001fd019dd110 code [0x000001fd019dd340, 0x000001fd019dd998]
Event: 73.857 Thread 0x000001fd7ecc77e0 13192       3       org.jetbrains.kotlin.renderer.DescriptorRendererImpl$RenderDeclarationDescriptorVisitor::visitModuleDeclaration (13 bytes)
Event: 73.858 Thread 0x000001fd7ecc77e0 nmethod 13192 0x000001fd019ddc10 code [0x000001fd019ddee0, 0x000001fd019debb8]
Event: 73.858 Thread 0x000001fd7ecc77e0 13193       3       org.jetbrains.kotlin.renderer.DescriptorRendererImpl$RenderDeclarationDescriptorVisitor::visitModuleDeclaration (26 bytes)

GC Heap History (20 events):
Event: 57.016 GC heap before
{Heap before GC invocations=58 (full 0):
 garbage-first heap   total 262144K, used 242127K [0x00000000e0000000, 0x0000000100000000)
  region size 1024K, 145 young (148480K), 5 survivors (5120K)
 Metaspace       used 70183K, committed 71616K, reserved 393216K
  class space    used 9544K, committed 10240K, reserved 327680K
}
Event: 57.022 GC heap after
{Heap after GC invocations=59 (full 0):
 garbage-first heap   total 262144K, used 100837K [0x00000000e0000000, 0x0000000100000000)
  region size 1024K, 7 young (7168K), 7 survivors (7168K)
 Metaspace       used 70183K, committed 71616K, reserved 393216K
  class space    used 9544K, committed 10240K, reserved 327680K
}
Event: 57.357 GC heap before
{Heap before GC invocations=59 (full 0):
 garbage-first heap   total 262144K, used 240101K [0x00000000e0000000, 0x0000000100000000)
  region size 1024K, 143 young (146432K), 7 survivors (7168K)
 Metaspace       used 70183K, committed 71616K, reserved 393216K
  class space    used 9544K, committed 10240K, reserved 327680K
}
Event: 57.364 GC heap after
{Heap after GC invocations=60 (full 0):
 garbage-first heap   total 262144K, used 102429K [0x00000000e0000000, 0x0000000100000000)
  region size 1024K, 8 young (8192K), 8 survivors (8192K)
 Metaspace       used 70183K, committed 71616K, reserved 393216K
  class space    used 9544K, committed 10240K, reserved 327680K
}
Event: 57.671 GC heap before
{Heap before GC invocations=60 (full 0):
 garbage-first heap   total 262144K, used 238621K [0x00000000e0000000, 0x0000000100000000)
  region size 1024K, 141 young (144384K), 8 survivors (8192K)
 Metaspace       used 70185K, committed 71616K, reserved 393216K
  class space    used 9544K, committed 10240K, reserved 327680K
}
Event: 57.678 GC heap after
{Heap after GC invocations=61 (full 0):
 garbage-first heap   total 262144K, used 105299K [0x00000000e0000000, 0x0000000100000000)
  region size 1024K, 11 young (11264K), 11 survivors (11264K)
 Metaspace       used 70185K, committed 71616K, reserved 393216K
  class space    used 9544K, committed 10240K, reserved 327680K
}
Event: 58.027 GC heap before
{Heap before GC invocations=61 (full 0):
 garbage-first heap   total 262144K, used 235347K [0x00000000e0000000, 0x0000000100000000)
  region size 1024K, 138 young (141312K), 11 survivors (11264K)
 Metaspace       used 70185K, committed 71616K, reserved 393216K
  class space    used 9544K, committed 10240K, reserved 327680K
}
Event: 58.034 GC heap after
{Heap after GC invocations=62 (full 0):
 garbage-first heap   total 262144K, used 107673K [0x00000000e0000000, 0x0000000100000000)
  region size 1024K, 12 young (12288K), 12 survivors (12288K)
 Metaspace       used 70185K, committed 71616K, reserved 393216K
  class space    used 9544K, committed 10240K, reserved 327680K
}
Event: 59.228 GC heap before
{Heap before GC invocations=62 (full 0):
 garbage-first heap   total 262144K, used 234649K [0x00000000e0000000, 0x0000000100000000)
  region size 1024K, 136 young (139264K), 12 survivors (12288K)
 Metaspace       used 70236K, committed 71744K, reserved 393216K
  class space    used 9554K, committed 10240K, reserved 327680K
}
Event: 59.232 GC heap after
{Heap after GC invocations=63 (full 0):
 garbage-first heap   total 262144K, used 92649K [0x00000000e0000000, 0x0000000100000000)
  region size 1024K, 2 young (2048K), 2 survivors (2048K)
 Metaspace       used 70236K, committed 71744K, reserved 393216K
  class space    used 9554K, committed 10240K, reserved 327680K
}
Event: 59.948 GC heap before
{Heap before GC invocations=63 (full 0):
 garbage-first heap   total 262144K, used 252393K [0x00000000e0000000, 0x0000000100000000)
  region size 1024K, 151 young (154624K), 2 survivors (2048K)
 Metaspace       used 70250K, committed 71744K, reserved 393216K
  class space    used 9554K, committed 10240K, reserved 327680K
}
Event: 59.950 GC heap after
{Heap after GC invocations=64 (full 0):
 garbage-first heap   total 262144K, used 91625K [0x00000000e0000000, 0x0000000100000000)
  region size 1024K, 1 young (1024K), 1 survivors (1024K)
 Metaspace       used 70250K, committed 71744K, reserved 393216K
  class space    used 9554K, committed 10240K, reserved 327680K
}
Event: 62.052 GC heap before
{Heap before GC invocations=64 (full 0):
 garbage-first heap   total 262144K, used 246249K [0x00000000e0000000, 0x0000000100000000)
  region size 1024K, 152 young (155648K), 1 survivors (1024K)
 Metaspace       used 81830K, committed 83328K, reserved 458752K
  class space    used 11520K, committed 12224K, reserved 327680K
}
Event: 62.056 GC heap after
{Heap after GC invocations=65 (full 0):
 garbage-first heap   total 262144K, used 93228K [0x00000000e0000000, 0x0000000100000000)
  region size 1024K, 3 young (3072K), 3 survivors (3072K)
 Metaspace       used 81830K, committed 83328K, reserved 458752K
  class space    used 11520K, committed 12224K, reserved 327680K
}
Event: 66.211 GC heap before
{Heap before GC invocations=65 (full 0):
 garbage-first heap   total 262144K, used 258092K [0x00000000e0000000, 0x0000000100000000)
  region size 1024K, 150 young (153600K), 3 survivors (3072K)
 Metaspace       used 97373K, committed 98944K, reserved 458752K
  class space    used 13357K, committed 14144K, reserved 327680K
}
Event: 66.236 GC heap after
{Heap after GC invocations=66 (full 0):
 garbage-first heap   total 280576K, used 118977K [0x00000000e0000000, 0x0000000100000000)
  region size 1024K, 19 young (19456K), 19 survivors (19456K)
 Metaspace       used 97373K, committed 98944K, reserved 458752K
  class space    used 13357K, committed 14144K, reserved 327680K
}
Event: 66.719 GC heap before
{Heap before GC invocations=66 (full 0):
 garbage-first heap   total 280576K, used 128193K [0x00000000e0000000, 0x0000000100000000)
  region size 1024K, 29 young (29696K), 19 survivors (19456K)
 Metaspace       used 98756K, committed 100288K, reserved 458752K
  class space    used 13462K, committed 14208K, reserved 327680K
}
Event: 66.738 GC heap after
{Heap after GC invocations=67 (full 0):
 garbage-first heap   total 280576K, used 121697K [0x00000000e0000000, 0x0000000100000000)
  region size 1024K, 2 young (2048K), 2 survivors (2048K)
 Metaspace       used 98756K, committed 100288K, reserved 458752K
  class space    used 13462K, committed 14208K, reserved 327680K
}
Event: 71.683 GC heap before
{Heap before GC invocations=68 (full 0):
 garbage-first heap   total 280576K, used 241505K [0x00000000e0000000, 0x0000000100000000)
  region size 1024K, 137 young (140288K), 2 survivors (2048K)
 Metaspace       used 112517K, committed 114432K, reserved 458752K
  class space    used 15202K, committed 16128K, reserved 327680K
}
Event: 71.694 GC heap after
{Heap after GC invocations=69 (full 0):
 garbage-first heap   total 280576K, used 110839K [0x00000000e0000000, 0x0000000100000000)
  region size 1024K, 11 young (11264K), 11 survivors (11264K)
 Metaspace       used 112517K, committed 114432K, reserved 458752K
  class space    used 15202K, committed 16128K, reserved 327680K
}

Dll operation events (3 events):
Event: 0.018 Loaded shared library C:\Program Files\Android\Android Studio\jbr\bin\java.dll
Event: 0.025 Loaded shared library C:\Program Files\Android\Android Studio\jbr\bin\zip.dll
Event: 1.074 Loaded shared library C:\Program Files\Android\Android Studio\jbr\bin\verify.dll

Deoptimization events (20 events):
Event: 73.129 Thread 0x000001fd141d84e0 Uncommon trap: trap_request=0xffffffde fr.pc=0x000001fd07d172cc relative=0x000000000000050c
Event: 73.129 Thread 0x000001fd141d84e0 Uncommon trap: reason=class_check action=maybe_recompile pc=0x000001fd07d172cc method=kotlin.collections.CollectionsKt___CollectionsKt.toSet(Ljava/lang/Iterable;)Ljava/util/Set; @ 51 c2
Event: 73.129 Thread 0x000001fd141d84e0 DEOPT PACKING pc=0x000001fd07d172cc sp=0x00000004d60f5220
Event: 73.129 Thread 0x000001fd141d84e0 DEOPT UNPACKING pc=0x000001fd0758469c sp=0x00000004d60f5210 mode 2
Event: 73.139 Thread 0x000001fd141d84e0 Uncommon trap: trap_request=0xffffffde fr.pc=0x000001fd07d172cc relative=0x000000000000050c
Event: 73.139 Thread 0x000001fd141d84e0 Uncommon trap: reason=class_check action=maybe_recompile pc=0x000001fd07d172cc method=kotlin.collections.CollectionsKt___CollectionsKt.toSet(Ljava/lang/Iterable;)Ljava/util/Set; @ 51 c2
Event: 73.139 Thread 0x000001fd141d84e0 DEOPT PACKING pc=0x000001fd07d172cc sp=0x00000004d60f4d30
Event: 73.139 Thread 0x000001fd141d84e0 DEOPT UNPACKING pc=0x000001fd0758469c sp=0x00000004d60f4d20 mode 2
Event: 73.190 Thread 0x000001fd141d84e0 Uncommon trap: trap_request=0xffffffde fr.pc=0x000001fd07d172cc relative=0x000000000000050c
Event: 73.190 Thread 0x000001fd141d84e0 Uncommon trap: reason=class_check action=maybe_recompile pc=0x000001fd07d172cc method=kotlin.collections.CollectionsKt___CollectionsKt.toSet(Ljava/lang/Iterable;)Ljava/util/Set; @ 51 c2
Event: 73.190 Thread 0x000001fd141d84e0 DEOPT PACKING pc=0x000001fd07d172cc sp=0x00000004d60f5150
Event: 73.190 Thread 0x000001fd141d84e0 DEOPT UNPACKING pc=0x000001fd0758469c sp=0x00000004d60f5140 mode 2
Event: 73.469 Thread 0x000001fd141d84e0 Uncommon trap: trap_request=0xffffff45 fr.pc=0x000001fd07cb1304 relative=0x0000000000000944
Event: 73.469 Thread 0x000001fd141d84e0 Uncommon trap: reason=unstable_if action=reinterpret pc=0x000001fd07cb1304 method=org.jetbrains.kotlin.metadata.ProtoBuf$Type.getSerializedSize()I @ 176 c2
Event: 73.469 Thread 0x000001fd141d84e0 DEOPT PACKING pc=0x000001fd07cb1304 sp=0x00000004d60f3900
Event: 73.469 Thread 0x000001fd141d84e0 DEOPT UNPACKING pc=0x000001fd0758469c sp=0x00000004d60f38a0 mode 2
Event: 73.469 Thread 0x000001fd141d84e0 Uncommon trap: trap_request=0xffffff45 fr.pc=0x000001fd07c2201c relative=0x00000000000017dc
Event: 73.469 Thread 0x000001fd141d84e0 Uncommon trap: reason=unstable_if action=reinterpret pc=0x000001fd07c2201c method=org.jetbrains.kotlin.metadata.ProtoBuf$Type.writeTo(Lorg/jetbrains/kotlin/protobuf/CodedOutputStream;)V @ 160 c2
Event: 73.469 Thread 0x000001fd141d84e0 DEOPT PACKING pc=0x000001fd07c2201c sp=0x00000004d60f3840
Event: 73.469 Thread 0x000001fd141d84e0 DEOPT UNPACKING pc=0x000001fd0758469c sp=0x00000004d60f3848 mode 2

Classes loaded (20 events):
Event: 63.847 Loading class java/util/regex/Pattern$Bound
Event: 63.847 Loading class java/util/regex/Pattern$Bound done
Event: 63.848 Loading class java/util/regex/Pattern$LookBehindEndNode
Event: 63.848 Loading class java/util/regex/Pattern$LookBehindEndNode done
Event: 63.848 Loading class java/util/regex/Pattern$NotBehind
Event: 63.848 Loading class java/util/regex/Pattern$NotBehind done
Event: 68.942 Loading class java/text/StringCharacterIterator
Event: 68.942 Loading class java/text/CharacterIterator
Event: 68.943 Loading class java/text/CharacterIterator done
Event: 68.943 Loading class java/text/StringCharacterIterator done
Event: 69.015 Loading class java/io/NotSerializableException
Event: 69.015 Loading class java/io/NotSerializableException done
Event: 69.788 Loading class java/util/function/IntUnaryOperator
Event: 69.788 Loading class java/util/function/IntUnaryOperator done
Event: 69.876 Loading class java/util/AbstractList$SubList
Event: 69.876 Loading class java/util/AbstractList$SubList done
Event: 69.876 Loading class java/util/AbstractList$SubList$1
Event: 69.877 Loading class java/util/AbstractList$SubList$1 done
Event: 72.127 Loading class java/util/AbstractList$RandomAccessSubList
Event: 72.127 Loading class java/util/AbstractList$RandomAccessSubList done

Classes unloaded (20 events):
Event: 66.901 Thread 0x000001fd7eabe4b0 Unloading class 0x0000000100987840 '_BuildScript_$_run_closure1$_closure3'
Event: 66.901 Thread 0x000001fd7eabe4b0 Unloading class 0x0000000100987420 '_BuildScript_$_run_closure1$_closure2'
Event: 66.901 Thread 0x000001fd7eabe4b0 Unloading class 0x0000000100987000 '_BuildScript_$_run_closure1'
Event: 66.901 Thread 0x000001fd7eabe4b0 Unloading class 0x0000000100986918 '_BuildScript_'
Event: 66.901 Thread 0x000001fd7eabe4b0 Unloading class 0x00000001009864f8 'KotlinCoroutineJvmDebugArgumentsProvider$_asArguments_closure1'
Event: 66.901 Thread 0x000001fd7eabe4b0 Unloading class 0x0000000100986230 'KotlinCoroutineJvmDebugArgumentsProvider'
Event: 66.901 Thread 0x000001fd7eabe4b0 Unloading class 0x0000000100986000 'Properties'
Event: 66.901 Thread 0x000001fd7eabe4b0 Unloading class 0x0000000100984988 '_BuildScript_$_run_closure1$_closure2'
Event: 66.901 Thread 0x000001fd7eabe4b0 Unloading class 0x0000000100984568 '_BuildScript_$_run_closure1'
Event: 66.901 Thread 0x000001fd7eabe4b0 Unloading class 0x0000000100984000 '_BuildScript_'
Event: 66.901 Thread 0x000001fd7eabe4b0 Unloading class 0x0000000100978000 '_BuildScript_$_run_closure1$_closure2$_closure4'
Event: 66.901 Thread 0x000001fd7eabe4b0 Unloading class 0x0000000100971840 '_BuildScript_$_run_closure1$_closure2$_closure3'
Event: 66.901 Thread 0x000001fd7eabe4b0 Unloading class 0x0000000100971420 '_BuildScript_$_run_closure1$_closure2'
Event: 66.901 Thread 0x000001fd7eabe4b0 Unloading class 0x0000000100971000 '_BuildScript_$_run_closure1'
Event: 66.901 Thread 0x000001fd7eabe4b0 Unloading class 0x0000000100970800 '_BuildScript_'
Event: 66.901 Thread 0x000001fd7eabe4b0 Unloading class 0x0000000100840420 '_BuildScript_$_run_closure1$_closure2'
Event: 66.901 Thread 0x000001fd7eabe4b0 Unloading class 0x0000000100840000 '_BuildScript_$_run_closure1'
Event: 66.901 Thread 0x000001fd7eabe4b0 Unloading class 0x000000010083a800 '_BuildScript_'
Event: 66.901 Thread 0x000001fd7eabe4b0 Unloading class 0x00000001007b8568 '_BuildScript_$_run_closure1'
Event: 66.901 Thread 0x000001fd7eabe4b0 Unloading class 0x00000001007b8000 '_BuildScript_'

Classes redefined (0 events):
No events

Internal exceptions (20 events):
Event: 68.325 Thread 0x000001fd141d84e0 Exception <a 'java/lang/NoSuchMethodError'{0x00000000ef307838}: 'java.lang.Object java.lang.invoke.DirectMethodHandle$Holder.newInvokeSpecial(java.lang.Object, java.lang.Object, java.lang.Object, java.lang.Object, java.lang.Object, java.lang.Object, java.lang.Object, java.lang.Object, java.lang.Object, java.lang.Object, java.lang.Object, java.lang.Object, java.lang.Object, java.lang.Object, java.lang.Object, java.lang.Object, java.lang.Object, java.lang.Object, java.lang.Object, java.lang.Object, java.lang
Event: 70.079 Thread 0x000001fd141d84e0 Exception <a 'java/lang/NoSuchMethodError'{0x00000000ebc5d750}: 'java.lang.Object java.lang.invoke.DirectMethodHandle$Holder.invokeStatic(java.lang.Object, java.lang.Object, java.lang.Object, java.lang.Object, java.lang.Object, int, java.lang.Object)'> (0x00000000ebc5d750) 
thrown [s\src\hotspot\share\interpreter\linkResolver.cpp, line 784]
Event: 70.080 Thread 0x000001fd141d84e0 Exception <a 'java/lang/NoSuchMethodError'{0x00000000ebc67b40}: 'java.lang.Object java.lang.invoke.DirectMethodHandle$Holder.newInvokeSpecial(java.lang.Object, java.lang.Object, java.lang.Object, java.lang.Object, java.lang.Object, int, java.lang.Object)'> (0x00000000ebc67b40) 
thrown [s\src\hotspot\share\interpreter\linkResolver.cpp, line 784]
Event: 70.080 Thread 0x000001fd141d84e0 Exception <a 'java/lang/NoSuchMethodError'{0x00000000ebc70de0}: 'java.lang.Object java.lang.invoke.Invokers$Holder.linkToTargetMethod(java.lang.Object, java.lang.Object, java.lang.Object, java.lang.Object, int, java.lang.Object, java.lang.Object)'> (0x00000000ebc70de0) 
thrown [s\src\hotspot\share\interpreter\linkResolver.cpp, line 784]
Event: 70.710 Thread 0x000001fd141d84e0 Exception <a 'java/lang/NoSuchMethodError'{0x00000000ea317460}: 'java.lang.Object java.lang.invoke.DirectMethodHandle$Holder.invokeStatic(java.lang.Object, java.lang.Object, java.lang.Object, java.lang.Object, int, java.lang.Object, java.lang.Object)'> (0x00000000ea317460) 
thrown [s\src\hotspot\share\interpreter\linkResolver.cpp, line 784]
Event: 72.188 Thread 0x000001fd141d84e0 Exception <a 'java/lang/NoSuchMethodError'{0x00000000efccecb0}: 'java.lang.Object java.lang.invoke.DirectMethodHandle$Holder.invokeStatic(java.lang.Object, int, java.lang.Object, java.lang.Object, java.lang.Object, java.lang.Object, java.lang.Object, java.lang.Object)'> (0x00000000efccecb0) 
thrown [s\src\hotspot\share\interpreter\linkResolver.cpp, line 784]
Event: 72.189 Thread 0x000001fd141d84e0 Exception <a 'java/lang/NoSuchMethodError'{0x00000000efcd9de8}: 'java.lang.Object java.lang.invoke.DirectMethodHandle$Holder.newInvokeSpecial(java.lang.Object, int, java.lang.Object, java.lang.Object, java.lang.Object, java.lang.Object, java.lang.Object)'> (0x00000000efcd9de8) 
thrown [s\src\hotspot\share\interpreter\linkResolver.cpp, line 784]
Event: 72.189 Thread 0x000001fd141d84e0 Exception <a 'java/lang/NoSuchMethodError'{0x00000000efcdf700}: 'java.lang.Object java.lang.invoke.DirectMethodHandle$Holder.invokeSpecial(java.lang.Object, java.lang.Object, int, java.lang.Object, java.lang.Object, java.lang.Object, java.lang.Object, java.lang.Object)'> (0x00000000efcdf700) 
thrown [s\src\hotspot\share\interpreter\linkResolver.cpp, line 784]
Event: 72.547 Thread 0x000001fd141d84e0 Exception <a 'java/lang/NoSuchMethodError'{0x00000000eeae2fa0}: 'java.lang.Object java.lang.invoke.DirectMethodHandle$Holder.newInvokeSpecial(java.lang.Object, java.lang.Object, java.lang.Object, java.lang.Object, java.lang.Object, java.lang.Object, java.lang.Object, int)'> (0x00000000eeae2fa0) 
thrown [s\src\hotspot\share\interpreter\linkResolver.cpp, line 784]
Event: 72.547 Thread 0x000001fd141d84e0 Exception <a 'java/lang/NoSuchMethodError'{0x00000000eeae8d80}: 'java.lang.Object java.lang.invoke.DirectMethodHandle$Holder.invokeSpecial(java.lang.Object, java.lang.Object, java.lang.Object, java.lang.Object, java.lang.Object, java.lang.Object, java.lang.Object, java.lang.Object, int)'> (0x00000000eeae8d80) 
thrown [s\src\hotspot\share\interpreter\linkResolver.cpp, line 784]
Event: 72.548 Thread 0x000001fd141d84e0 Exception <a 'java/lang/NoSuchMethodError'{0x00000000eeaee270}: 'java.lang.Object java.lang.invoke.Invokers$Holder.linkToTargetMethod(java.lang.Object, java.lang.Object, java.lang.Object, java.lang.Object, java.lang.Object, java.lang.Object, int, java.lang.Object)'> (0x00000000eeaee270) 
thrown [s\src\hotspot\share\interpreter\linkResolver.cpp, line 784]
Event: 73.327 Thread 0x000001fd141d84e0 Exception <a 'java/lang/NoSuchMethodError'{0x00000000ec61a2a0}: 'java.lang.Object java.lang.invoke.DirectMethodHandle$Holder.invokeStatic(java.lang.Object, java.lang.Object, int, int, java.lang.Object, java.lang.Object)'> (0x00000000ec61a2a0) 
thrown [s\src\hotspot\share\interpreter\linkResolver.cpp, line 784]
Event: 73.327 Thread 0x000001fd141d84e0 Exception <a 'java/lang/NoSuchMethodError'{0x00000000ec6296b8}: 'java.lang.Object java.lang.invoke.Invokers$Holder.linkToTargetMethod(java.lang.Object, int, int, java.lang.Object, java.lang.Object)'> (0x00000000ec6296b8) 
thrown [s\src\hotspot\share\interpreter\linkResolver.cpp, line 784]
Event: 73.372 Thread 0x000001fd141d84e0 Exception <a 'java/lang/NoSuchMethodError'{0x00000000ec4d1650}: 'java.lang.Object java.lang.invoke.DirectMethodHandle$Holder.invokeStatic(java.lang.Object, java.lang.Object, java.lang.Object, int, int, java.lang.Object, java.lang.Object)'> (0x00000000ec4d1650) 
thrown [s\src\hotspot\share\interpreter\linkResolver.cpp, line 784]
Event: 73.372 Thread 0x000001fd141d84e0 Exception <a 'java/lang/NoSuchMethodError'{0x00000000ec4daea0}: 'java.lang.Object java.lang.invoke.DirectMethodHandle$Holder.newInvokeSpecial(java.lang.Object, java.lang.Object, java.lang.Object, int, int, java.lang.Object)'> (0x00000000ec4daea0) 
thrown [s\src\hotspot\share\interpreter\linkResolver.cpp, line 784]
Event: 73.373 Thread 0x000001fd141d84e0 Exception <a 'java/lang/NoSuchMethodError'{0x00000000ec4e3b50}: 'java.lang.Object java.lang.invoke.Invokers$Holder.linkToTargetMethod(java.lang.Object, java.lang.Object, int, int, java.lang.Object, java.lang.Object)'> (0x00000000ec4e3b50) 
thrown [s\src\hotspot\share\interpreter\linkResolver.cpp, line 784]
Event: 73.374 Thread 0x000001fd141d84e0 Exception <a 'java/lang/NoSuchMethodError'{0x00000000ec4f0130}: 'java.lang.Object java.lang.invoke.DirectMethodHandle$Holder.invokeStatic(java.lang.Object, java.lang.Object, int, int, java.lang.Object)'> (0x00000000ec4f0130) 
thrown [s\src\hotspot\share\interpreter\linkResolver.cpp, line 784]
Event: 73.394 Thread 0x000001fd141d84e0 Exception <a 'java/lang/NoSuchMethodError'{0x00000000ec22a1d0}: 'java.lang.Object java.lang.invoke.DirectMethodHandle$Holder.newInvokeSpecial(java.lang.Object, java.lang.Object, java.lang.Object, int, int, java.lang.Object, java.lang.Object)'> (0x00000000ec22a1d0) 
thrown [s\src\hotspot\share\interpreter\linkResolver.cpp, line 784]
Event: 73.395 Thread 0x000001fd141d84e0 Exception <a 'java/lang/NoSuchMethodError'{0x00000000ec233378}: 'java.lang.Object java.lang.invoke.Invokers$Holder.linkToTargetMethod(java.lang.Object, java.lang.Object, int, int, java.lang.Object, java.lang.Object, java.lang.Object)'> (0x00000000ec233378) 
thrown [s\src\hotspot\share\interpreter\linkResolver.cpp, line 784]
Event: 73.563 Thread 0x000001fd141d84e0 Exception <a 'java/lang/NoSuchMethodError'{0x00000000eb954c28}: 'java.lang.Object java.lang.invoke.DirectMethodHandle$Holder.invokeStaticInit(java.lang.Object, int, java.lang.Object, java.lang.Object, java.lang.Object)'> (0x00000000eb954c28) 
thrown [s\src\hotspot\share\interpreter\linkResolver.cpp, line 784]

ZGC Phase Switch (0 events):
No events

VM Operations (20 events):
Event: 72.325 Executing VM operation: HandshakeAllThreads (Deoptimize)
Event: 72.325 Executing VM operation: HandshakeAllThreads (Deoptimize) done
Event: 72.377 Executing VM operation: ICBufferFull
Event: 72.377 Executing VM operation: ICBufferFull done
Event: 72.611 Executing VM operation: HandshakeAllThreads (Deoptimize)
Event: 72.611 Executing VM operation: HandshakeAllThreads (Deoptimize) done
Event: 72.647 Executing VM operation: HandshakeAllThreads (Deoptimize)
Event: 72.647 Executing VM operation: HandshakeAllThreads (Deoptimize) done
Event: 72.663 Executing VM operation: HandshakeAllThreads (Deoptimize)
Event: 72.663 Executing VM operation: HandshakeAllThreads (Deoptimize) done
Event: 72.781 Executing VM operation: HandshakeAllThreads (Deoptimize)
Event: 72.781 Executing VM operation: HandshakeAllThreads (Deoptimize) done
Event: 73.138 Executing VM operation: ICBufferFull
Event: 73.138 Executing VM operation: ICBufferFull done
Event: 73.438 Executing VM operation: HandshakeAllThreads (Deoptimize)
Event: 73.438 Executing VM operation: HandshakeAllThreads (Deoptimize) done
Event: 73.566 Executing VM operation: HandshakeAllThreads (Deoptimize)
Event: 73.566 Executing VM operation: HandshakeAllThreads (Deoptimize) done
Event: 73.805 Executing VM operation: HandshakeAllThreads (Deoptimize)
Event: 73.805 Executing VM operation: HandshakeAllThreads (Deoptimize) done

Memory protections (0 events):
No events

Nmethod flushes (20 events):
Event: 66.919 Thread 0x000001fd7eabe4b0 flushing  nmethod 0x000001fd00846d90
Event: 66.919 Thread 0x000001fd7eabe4b0 flushing  nmethod 0x000001fd00847f90
Event: 66.919 Thread 0x000001fd7eabe4b0 flushing  nmethod 0x000001fd00863110
Event: 66.919 Thread 0x000001fd7eabe4b0 flushing  nmethod 0x000001fd00868810
Event: 66.919 Thread 0x000001fd7eabe4b0 flushing  nmethod 0x000001fd00878590
Event: 66.919 Thread 0x000001fd7eabe4b0 flushing  nmethod 0x000001fd00892610
Event: 66.919 Thread 0x000001fd7eabe4b0 flushing  nmethod 0x000001fd008b6510
Event: 66.919 Thread 0x000001fd7eabe4b0 flushing  nmethod 0x000001fd00906010
Event: 66.919 Thread 0x000001fd7eabe4b0 flushing osr nmethod 0x000001fd00907a10
Event: 66.919 Thread 0x000001fd7eabe4b0 flushing  nmethod 0x000001fd00914f90
Event: 66.919 Thread 0x000001fd7eabe4b0 flushing  nmethod 0x000001fd0091c010
Event: 66.919 Thread 0x000001fd7eabe4b0 flushing  nmethod 0x000001fd0091ec90
Event: 66.919 Thread 0x000001fd7eabe4b0 flushing  nmethod 0x000001fd00921710
Event: 66.919 Thread 0x000001fd7eabe4b0 flushing  nmethod 0x000001fd00921d90
Event: 66.919 Thread 0x000001fd7eabe4b0 flushing osr nmethod 0x000001fd00949810
Event: 66.919 Thread 0x000001fd7eabe4b0 flushing osr nmethod 0x000001fd0094d390
Event: 66.919 Thread 0x000001fd7eabe4b0 flushing  nmethod 0x000001fd0095db90
Event: 66.919 Thread 0x000001fd7eabe4b0 flushing  nmethod 0x000001fd00963010
Event: 66.919 Thread 0x000001fd7eabe4b0 flushing  nmethod 0x000001fd00966f90
Event: 66.919 Thread 0x000001fd7eabe4b0 flushing  nmethod 0x000001fd009a3690

Events (20 events):
Event: 31.929 Thread 0x000001fd141d84e0 Thread added: 0x000001fd15caebb0
Event: 31.930 Thread 0x000001fd141d84e0 Thread added: 0x000001fd15caf8d0
Event: 31.967 Thread 0x000001fd7ecc77e0 Thread added: 0x000001fd16bafe80
Event: 33.409 Thread 0x000001fd16bafe80 Thread exited: 0x000001fd16bafe80
Event: 33.688 Thread 0x000001fd7ecc77e0 Thread added: 0x000001fd16bafe80
Event: 36.565 Thread 0x000001fd16bafe80 Thread exited: 0x000001fd16bafe80
Event: 38.587 Thread 0x000001fd7ecc77e0 Thread added: 0x000001fd159d1d20
Event: 38.886 Thread 0x000001fd159d1d20 Thread exited: 0x000001fd159d1d20
Event: 54.075 Thread 0x000001fd7ecc77e0 Thread added: 0x000001fd17a02b50
Event: 57.559 Thread 0x000001fd17a02b50 Thread exited: 0x000001fd17a02b50
Event: 58.243 Thread 0x000001fd7ecc77e0 Thread added: 0x000001fd17a02b50
Event: 60.521 Thread 0x000001fd17a02b50 Thread exited: 0x000001fd17a02b50
Event: 63.397 Thread 0x000001fd7eca28f0 Thread added: 0x000001fd15934aa0
Event: 64.028 Thread 0x000001fd15934aa0 Thread exited: 0x000001fd15934aa0
Event: 68.734 Thread 0x000001fd7ecc77e0 Thread added: 0x000001fd167396a0
Event: 69.554 Thread 0x000001fd167396a0 Thread exited: 0x000001fd167396a0
Event: 70.169 Thread 0x000001fd7ecc77e0 Thread added: 0x000001fd1660f1d0
Event: 72.200 Thread 0x000001fd1660f1d0 Thread exited: 0x000001fd1660f1d0
Event: 72.910 Thread 0x000001fd7ecc77e0 Thread added: 0x000001fd18a466d0
Event: 73.386 Thread 0x000001fd18a466d0 Thread exited: 0x000001fd18a466d0


Dynamic libraries:
0x00007ff773360000 - 0x00007ff77336a000 	C:\Program Files\Android\Android Studio\jbr\bin\java.exe
0x00007ff811890000 - 0x00007ff811a88000 	C:\WINDOWS\SYSTEM32\ntdll.dll
0x00007ff810290000 - 0x00007ff810352000 	C:\WINDOWS\System32\KERNEL32.DLL
0x00007ff80f080000 - 0x00007ff80f376000 	C:\WINDOWS\System32\KERNELBASE.dll
0x00007ff80f7b0000 - 0x00007ff80f8b0000 	C:\WINDOWS\System32\ucrtbase.dll
0x00007ff809b20000 - 0x00007ff809b38000 	C:\Program Files\Android\Android Studio\jbr\bin\jli.dll
0x00007ff810910000 - 0x00007ff810ab1000 	C:\WINDOWS\System32\USER32.dll
0x00007ff80f050000 - 0x00007ff80f072000 	C:\WINDOWS\System32\win32u.dll
0x00007ff810be0000 - 0x00007ff810c0b000 	C:\WINDOWS\System32\GDI32.dll
0x00007ff80f610000 - 0x00007ff80f729000 	C:\WINDOWS\System32\gdi32full.dll
0x00007ff80efb0000 - 0x00007ff80f04d000 	C:\WINDOWS\System32\msvcp_win.dll
0x00007ff80b1c0000 - 0x00007ff80b1db000 	C:\Program Files\Android\Android Studio\jbr\bin\VCRUNTIME140.dll
0x00007ffffd7e0000 - 0x00007ffffda7b000 	C:\WINDOWS\WinSxS\amd64_microsoft.windows.common-controls_6595b64144ccf1df_6.0.19041.6456_none_60b8a6cb71f64256\COMCTL32.dll
0x00007ff810450000 - 0x00007ff8104ee000 	C:\WINDOWS\System32\msvcrt.dll
0x00007ff80fa60000 - 0x00007ff80fa8f000 	C:\WINDOWS\System32\IMM32.DLL
0x00007ff80c4f0000 - 0x00007ff80c4fc000 	C:\Program Files\Android\Android Studio\jbr\bin\vcruntime140_1.dll
0x00007fffd8b10000 - 0x00007fffd8b9d000 	C:\Program Files\Android\Android Studio\jbr\bin\msvcp140.dll
0x00007fffc7e90000 - 0x00007fffc8b26000 	C:\Program Files\Android\Android Studio\jbr\bin\server\jvm.dll
0x00007ff810390000 - 0x00007ff810441000 	C:\WINDOWS\System32\ADVAPI32.dll
0x00007ff8101e0000 - 0x00007ff81027f000 	C:\WINDOWS\System32\sechost.dll
0x00007ff810620000 - 0x00007ff810740000 	C:\WINDOWS\System32\RPCRT4.dll
0x00007ff80f380000 - 0x00007ff80f3a7000 	C:\WINDOWS\System32\bcrypt.dll
0x00007ff810170000 - 0x00007ff8101db000 	C:\WINDOWS\System32\WS2_32.dll
0x00007ff80ea90000 - 0x00007ff80eadb000 	C:\WINDOWS\SYSTEM32\POWRPROF.dll
0x00007ff805520000 - 0x00007ff805547000 	C:\WINDOWS\SYSTEM32\WINMM.dll
0x00007ff808c30000 - 0x00007ff808c3a000 	C:\WINDOWS\SYSTEM32\VERSION.dll
0x00007ff80ea70000 - 0x00007ff80ea82000 	C:\WINDOWS\SYSTEM32\UMPDC.dll
0x00007ff80cdb0000 - 0x00007ff80cdc2000 	C:\WINDOWS\SYSTEM32\kernel.appcore.dll
0x00007ff80c4e0000 - 0x00007ff80c4ea000 	C:\Program Files\Android\Android Studio\jbr\bin\jimage.dll
0x00007ffffd5d0000 - 0x00007ffffd7d1000 	C:\WINDOWS\SYSTEM32\DBGHELP.DLL
0x00007ffff1240000 - 0x00007ffff1274000 	C:\WINDOWS\SYSTEM32\dbgcore.DLL
0x00007ff80ef20000 - 0x00007ff80efa2000 	C:\WINDOWS\System32\bcryptPrimitives.dll
0x00007ff80c330000 - 0x00007ff80c33e000 	C:\Program Files\Android\Android Studio\jbr\bin\instrument.dll
0x00007ff807fb0000 - 0x00007ff807fd0000 	C:\Program Files\Android\Android Studio\jbr\bin\java.dll
0x00007ff807ef0000 - 0x00007ff807f08000 	C:\Program Files\Android\Android Studio\jbr\bin\zip.dll
0x00007ff810cd0000 - 0x00007ff811440000 	C:\WINDOWS\System32\SHELL32.dll
0x00007ff80cfb0000 - 0x00007ff80d755000 	C:\WINDOWS\SYSTEM32\windows.storage.dll
0x00007ff811440000 - 0x00007ff811794000 	C:\WINDOWS\System32\combase.dll
0x00007ff80e870000 - 0x00007ff80e89b000 	C:\WINDOWS\SYSTEM32\Wldp.dll
0x00007ff810020000 - 0x00007ff8100ed000 	C:\WINDOWS\System32\OLEAUT32.dll
0x00007ff80faf0000 - 0x00007ff80fb9d000 	C:\WINDOWS\System32\SHCORE.dll
0x00007ff80fa90000 - 0x00007ff80faeb000 	C:\WINDOWS\System32\shlwapi.dll
0x00007ff80ee50000 - 0x00007ff80ee74000 	C:\WINDOWS\SYSTEM32\profapi.dll
0x00007ff80c4b0000 - 0x00007ff80c4c0000 	C:\Program Files\Android\Android Studio\jbr\bin\net.dll
0x00007ff806d80000 - 0x00007ff806e8a000 	C:\WINDOWS\SYSTEM32\WINHTTP.dll
0x00007ff80e5d0000 - 0x00007ff80e63a000 	C:\WINDOWS\system32\mswsock.dll
0x00007ff807b80000 - 0x00007ff807b96000 	C:\Program Files\Android\Android Studio\jbr\bin\nio.dll
0x00007ff80c420000 - 0x00007ff80c430000 	C:\Program Files\Android\Android Studio\jbr\bin\verify.dll
0x00007ff807830000 - 0x00007ff807857000 	C:\Users\Admin\.gradle\native\1def1411415f61bf3af743bc5b6707747c0891f09f0c88961ee8f79bc544acac\windows-amd64\native-platform.dll
0x00007fffea330000 - 0x00007fffea3a8000 	C:\Users\Admin\.gradle\native\0.2.7\x86_64-windows-gnu\gradle-fileevents.dll
0x00007ff80b1b0000 - 0x00007ff80b1b9000 	C:\Program Files\Android\Android Studio\jbr\bin\management.dll
0x00007ff80a1e0000 - 0x00007ff80a1eb000 	C:\Program Files\Android\Android Studio\jbr\bin\management_ext.dll
0x00007ff810010000 - 0x00007ff810018000 	C:\WINDOWS\System32\PSAPI.DLL
0x00007ff80e2b0000 - 0x00007ff80e2eb000 	C:\WINDOWS\SYSTEM32\IPHLPAPI.DLL
0x00007ff810360000 - 0x00007ff810368000 	C:\WINDOWS\System32\NSI.dll
0x00007ff80c310000 - 0x00007ff80c319000 	C:\Program Files\Android\Android Studio\jbr\bin\extnet.dll
0x00007ff80e7d0000 - 0x00007ff80e7e8000 	C:\WINDOWS\SYSTEM32\CRYPTSP.dll
0x00007ff80def0000 - 0x00007ff80df28000 	C:\WINDOWS\system32\rsaenh.dll
0x00007ff80ee10000 - 0x00007ff80ee3e000 	C:\WINDOWS\SYSTEM32\USERENV.dll
0x00007ff80e7c0000 - 0x00007ff80e7cc000 	C:\WINDOWS\SYSTEM32\CRYPTBASE.dll
0x00007ff80c340000 - 0x00007ff80c347000 	C:\WINDOWS\system32\wshunix.dll
0x00007ff80e140000 - 0x00007ff80e173000 	C:\WINDOWS\SYSTEM32\ntmarta.dll

JVMTI agents:
C:\Users\Admin\.gradle\wrapper\dists\gradle-9.0-milestone-1-bin\3vdepk4s12bybhohyuvjcm1bd\gradle-9.0-milestone-1\lib\agents\gradle-instrumentation-agent-9.0.jar path:C:\Program Files\Android\Android Studio\jbr\bin\instrument.dll, loaded, initialized, instrumentlib options:none

dbghelp: loaded successfully - version: 4.0.5 - missing functions: none
symbol engine: initialized successfully - sym options: 0x614 - pdb path: .;C:\Program Files\Android\Android Studio\jbr\bin;C:\WINDOWS\SYSTEM32;C:\WINDOWS\WinSxS\amd64_microsoft.windows.common-controls_6595b64144ccf1df_6.0.19041.6456_none_60b8a6cb71f64256;C:\Program Files\Android\Android Studio\jbr\bin\server;C:\Users\Admin\.gradle\native\1def1411415f61bf3af743bc5b6707747c0891f09f0c88961ee8f79bc544acac\windows-amd64;C:\Users\Admin\.gradle\native\0.2.7\x86_64-windows-gnu

VM Arguments:
jvm_args: --add-opens=java.base/java.lang=ALL-UNNAMED --add-opens=java.base/java.lang.invoke=ALL-UNNAMED --add-opens=java.base/java.util=ALL-UNNAMED --add-opens=java.prefs/java.util.prefs=ALL-UNNAMED --add-exports=jdk.compiler/com.sun.tools.javac.api=ALL-UNNAMED --add-exports=jdk.compiler/com.sun.tools.javac.util=ALL-UNNAMED --add-opens=java.base/java.util=ALL-UNNAMED --add-opens=java.prefs/java.util.prefs=ALL-UNNAMED --add-opens=java.base/java.nio.charset=ALL-UNNAMED --add-opens=java.base/java.net=ALL-UNNAMED --add-opens=java.base/java.util.concurrent.atomic=ALL-UNNAMED --add-opens=java.xml/javax.xml.namespace=ALL-UNNAMED -XX:MaxMetaspaceSize=384m -XX:+HeapDumpOnOutOfMemoryError -Xms256m -Xmx512m -Dfile.encoding=UTF-8 -Duser.country=US -Duser.language=en -Duser.variant -javaagent:C:\Users\Admin\.gradle\wrapper\dists\gradle-9.0-milestone-1-bin\3vdepk4s12bybhohyuvjcm1bd\gradle-9.0-milestone-1\lib\agents\gradle-instrumentation-agent-9.0.jar 
java_command: org.gradle.launcher.daemon.bootstrap.GradleDaemon 9.0-milestone-1
java_class_path (initial): C:\Users\Admin\.gradle\wrapper\dists\gradle-9.0-milestone-1-bin\3vdepk4s12bybhohyuvjcm1bd\gradle-9.0-milestone-1\lib\gradle-daemon-main-9.0.jar
Launcher Type: SUN_STANDARD

[Global flags]
     intx CICompilerCount                          = 3                                         {product} {ergonomic}
   size_t CompressedClassSpaceSize                 = 335544320                                 {product} {ergonomic}
     uint ConcGCThreads                            = 1                                         {product} {ergonomic}
     uint G1ConcRefinementThreads                  = 4                                         {product} {ergonomic}
   size_t G1HeapRegionSize                         = 1048576                                   {product} {ergonomic}
    uintx GCDrainStackTargetSize                   = 64                                        {product} {ergonomic}
     bool HeapDumpOnOutOfMemoryError               = true                                   {manageable} {command line}
   size_t InitialHeapSize                          = 268435456                                 {product} {command line}
   size_t MarkStackSize                            = 4194304                                   {product} {ergonomic}
   size_t MaxHeapSize                              = 536870912                                 {product} {command line}
   size_t MaxMetaspaceSize                         = 402653184                                 {product} {command line}
   size_t MaxNewSize                               = 321912832                                 {product} {ergonomic}
   size_t MinHeapDeltaBytes                        = 1048576                                   {product} {ergonomic}
   size_t MinHeapSize                              = 268435456                                 {product} {command line}
    uintx NonNMethodCodeHeapSize                   = 5832780                                {pd product} {ergonomic}
    uintx NonProfiledCodeHeapSize                  = 122912730                              {pd product} {ergonomic}
    uintx ProfiledCodeHeapSize                     = 122912730                              {pd product} {ergonomic}
    uintx ReservedCodeCacheSize                    = 251658240                              {pd product} {ergonomic}
     bool SegmentedCodeCache                       = true                                      {product} {ergonomic}
   size_t SoftMaxHeapSize                          = 536870912                              {manageable} {ergonomic}
     bool UseCompressedOops                        = true                           {product lp64_product} {ergonomic}
     bool UseG1GC                                  = true                                      {product} {ergonomic}
     bool UseLargePagesIndividualAllocation        = false                                  {pd product} {ergonomic}

Logging:
Log output configuration:
 #0: stdout all=warning uptime,level,tags foldmultilines=false
 #1: stderr all=off uptime,level,tags foldmultilines=false

Environment Variables:
JAVA_HOME=C:\Program Files\Java\jdk-21.0.7
PATH=C:\WINDOWS\system32;C:\WINDOWS;C:\WINDOWS\System32\Wbem;C:\WINDOWS\System32\WindowsPowerShell\v1.0\;C:\WINDOWS\System32\OpenSSH\;C:\Program Files (x86)\Microsoft SQL Server\100\Tools\Binn\;C:\Program Files (x86)\Microsoft SQL Server\100\DTS\Binn\;C:\Program Files\Git\cmd;C:\Program Files\Java\jdk-21.0.7;D:\Android\Sdk\platform-tools;C:\Users\Admin\AppData\Local\Microsoft\WindowsApps;
USERNAME=Admin
OS=Windows_NT
PROCESSOR_IDENTIFIER=Intel64 Family 6 Model 158 Stepping 10, GenuineIntel
TMP=C:\Users\Admin\AppData\Local\Temp
TEMP=C:\Users\Admin\AppData\Local\Temp




Periodic native trim disabled

JNI global refs:
JNI global refs: 26, weak refs: 0

JNI global refs memory usage: 835, weak refs: 833

Process memory usage:
Resident Set Size: 599716K (3% of 16435128K total physical memory with 1468260K free physical memory)

OOME stack traces (most recent first):
Classloader memory used:
Loader org.gradle.internal.classloader.VisitableURLClassLoader                         : 93415K
Loader bootstrap                                                                       : 24652K
Loader org.gradle.initialization.MixInLegacyTypesClassLoader                           : 6446K
Loader jdk.internal.loader.ClassLoaders$PlatformClassLoader                            : 503K
Loader jdk.internal.jrtfs.JrtFileSystemProvider$JrtFsLoader                            : 341K
Loader jdk.internal.loader.ClassLoaders$AppClassLoader                                 : 237K
Loader org.gradle.groovy.scripts.internal.DefaultScriptCompilationHandler$ScriptClassLoader: 101488B
Loader org.gradle.internal.classloader.VisitableURLClassLoader$InstrumentingVisitableURLClassLoader: 15856B
Loader jdk.internal.reflect.DelegatingClassLoader                                      : 10344B
Loader org.codehaus.groovy.runtime.callsite.CallSiteClassLoader                        : 10160B

Classes loaded by more than one classloader:
Class org.gradle.internal.classloader.FilteringClassLoader                            : loaded 2 times (x 105B)
Class jdk.internal.jimage.BasicImageReader                                            : loaded 2 times (x 95B)
Class org.gradle.internal.classloader.ClassLoaderHierarchy                            : loaded 2 times (x 70B)
Class org.gradle.api.internal.classpath.ManifestUtil                                  : loaded 2 times (x 71B)
Class jdk.internal.jimage.decompressor.StringSharingDecompressorFactory               : loaded 2 times (x 74B)
Class org.gradle.internal.classloader.DefaultClassLoaderFactory                       : loaded 2 times (x 82B)
Class org.gradle.internal.classloader.ClassLoaderVisitor                              : loaded 2 times (x 76B)
Class org.gradle.api.internal.classpath.EffectiveClassPath                            : loaded 2 times (x 90B)
Class org.gradle.api.internal.DefaultClassPathProvider                                : loaded 2 times (x 76B)
Class [Lorg.gradle.api.internal.ClassPathProvider;                                    : loaded 2 times (x 69B)
Class org.gradle.api.internal.ClassPathProvider                                       : loaded 2 times (x 70B)
Class jdk.internal.jrtfs.SystemImage                                                  : loaded 2 times (x 74B)
Class org.gradle.internal.service.UnknownServiceException                             : loaded 2 times (x 83B)
Class org.gradle.internal.classpath.TransformedClassPath                              : loaded 2 times (x 96B)
Class org.gradle.internal.classloader.InstrumentingClassLoader                        : loaded 2 times (x 70B)
Class jdk.internal.jrtfs.SystemImage$1                                                : loaded 2 times (x 78B)
Class jdk.internal.jrtfs.SystemImage$2                                                : loaded 2 times (x 76B)
Class org.gradle.internal.service.ServiceLocator                                      : loaded 2 times (x 70B)
Class jdk.internal.jrtfs.JrtFileSystemProvider                                        : loaded 2 times (x 101B)
Class jdk.internal.jimage.ImageLocation                                               : loaded 2 times (x 90B)
Class jdk.internal.jrtfs.JrtDirectoryStream$1                                         : loaded 2 times (x 83B)
Class org.gradle.internal.InternalTransformer                                         : loaded 2 times (x 70B)
Class jdk.internal.jimage.ImageBufferCache$1                                          : loaded 2 times (x 83B)
Class org.gradle.internal.classloader.ClasspathUtil$1                                 : loaded 2 times (x 76B)
Class jdk.internal.jimage.ImageBufferCache$2                                          : loaded 2 times (x 91B)
Class org.gradle.api.internal.classpath.DefaultModuleRegistry$DefaultModule           : loaded 2 times (x 86B)
Class org.gradle.api.internal.classpath.Module                                        : loaded 2 times (x 70B)
Class org.gradle.api.internal.classpath.UnknownModuleException                        : loaded 2 times (x 82B)
Class jdk.internal.jimage.ImageHeader                                                 : loaded 2 times (x 71B)
Class ijKotlinCoroutineJvmDebugInit1_2edxob47te3k3j1lkm25ffz4                         : loaded 2 times (x 179B)
Class org.gradle.api.internal.DefaultClassPathRegistry                                : loaded 2 times (x 76B)
Class org.gradle.api.internal.ClassPathRegistry                                       : loaded 2 times (x 70B)
Class org.gradle.internal.classpath.DefaultClassPath$ImmutableUniqueList              : loaded 2 times (x 199B)
Class jdk.internal.jimage.decompressor.ResourceDecompressor                           : loaded 2 times (x 70B)
Class org.gradle.internal.classpath.ClassPath                                         : loaded 2 times (x 70B)
Class org.gradle.api.UncheckedIOException                                             : loaded 2 times (x 82B)
Class jdk.internal.jimage.ImageStringsReader                                          : loaded 2 times (x 80B)
Class jdk.internal.jimage.ImageReader                                                 : loaded 2 times (x 75B)
Class jdk.internal.jimage.ImageReader$SharedImageReader                               : loaded 2 times (x 95B)
Class org.gradle.internal.installation.GradleInstallation$1                           : loaded 2 times (x 75B)
Class org.gradle.api.internal.classpath.ModuleRegistry                                : loaded 2 times (x 70B)
Class jdk.internal.jimage.decompressor.ResourceDecompressorFactory                    : loaded 2 times (x 74B)
Class jdk.internal.jimage.ImageReader$Node                                            : loaded 2 times (x 84B)
Class org.gradle.api.internal.classpath.DefaultModuleRegistry                         : loaded 2 times (x 86B)
Class jdk.internal.jimage.BasicImageReader$1                                          : loaded 2 times (x 77B)
Class jdk.internal.jimage.decompressor.Decompressor                                   : loaded 2 times (x 72B)
Class jdk.internal.jimage.ImageReader$Resource                                        : loaded 2 times (x 84B)
Class org.gradle.internal.service.ServiceLookupException                              : loaded 2 times (x 82B)
Class jdk.internal.jrtfs.JrtFileAttributes                                            : loaded 2 times (x 83B)
Class org.gradle.internal.classloader.ClassLoaderFactory                              : loaded 2 times (x 70B)
Class org.gradle.internal.service.CachingServiceLocator                               : loaded 2 times (x 82B)
Class ijJvmDebugger1_6gnha51x1399uf0afb4xb1b8s$_run_closure1                          : loaded 2 times (x 139B)
Class jdk.internal.jimage.ImageBufferCache                                            : loaded 2 times (x 71B)
Class jdk.internal.jrtfs.JrtPath                                                      : loaded 2 times (x 118B)
Class org.gradle.internal.classloader.ClasspathUtil                                   : loaded 2 times (x 71B)
Class org.gradle.api.specs.Spec                                                       : loaded 2 times (x 70B)
Class jdk.internal.jimage.ImageReader$SharedImageReader$LocationVisitor               : loaded 2 times (x 70B)
Class jdk.internal.jimage.decompressor.ResourceDecompressorRepository                 : loaded 2 times (x 71B)
Class jdk.internal.jimage.ImageReader$Directory                                       : loaded 2 times (x 84B)
Class org.gradle.internal.classloader.VisitableURLClassLoader$InstrumentingVisitableURLClassLoader: loaded 2 times (x 123B)
Class org.gradle.internal.classloader.VisitableURLClassLoader$Spec                    : loaded 2 times (x 74B)
Class org.gradle.internal.classpath.DefaultClassPath                                  : loaded 2 times (x 90B)
Class jdk.internal.jimage.decompressor.ZipDecompressorFactory                         : loaded 2 times (x 74B)
Class ijKotlinCoroutineJvmDebugInit1_2edxob47te3k3j1lkm25ffz4$_run_closure1           : loaded 2 times (x 139B)
Class org.gradle.internal.classloader.ClassLoaderSpec                                 : loaded 2 times (x 71B)
Class org.gradle.internal.classloader.VisitableURLClassLoader                         : loaded 2 times (x 117B)
Class org.gradle.internal.Cast                                                        : loaded 2 times (x 71B)
Class org.gradle.api.Action                                                           : loaded 2 times (x 70B)
Class jdk.internal.jimage.decompressor.ZipDecompressor                                : loaded 2 times (x 75B)
Class ijJvmDebugger1_6gnha51x1399uf0afb4xb1b8s                                        : loaded 2 times (x 179B)
Class org.gradle.internal.classpath.DefaultClassPath$ImmutableUniqueList$Builder      : loaded 2 times (x 75B)
Class org.gradle.api.GradleException                                                  : loaded 2 times (x 82B)
Class jdk.internal.jimage.ImageStrings                                                : loaded 2 times (x 70B)
Class org.gradle.internal.IoActions                                                   : loaded 2 times (x 71B)
Class org.gradle.internal.classloader.SystemClassLoaderSpec                           : loaded 2 times (x 71B)
Class jdk.internal.jrtfs.JrtFileSystem                                                : loaded 2 times (x 102B)
Class jdk.internal.jimage.decompressor.CompressedResourceHeader                       : loaded 2 times (x 71B)
Class org.gradle.api.internal.classpath.GlobalCacheRootsProvider                      : loaded 2 times (x 70B)
Class org.gradle.internal.installation.CurrentGradleInstallationLocator               : loaded 2 times (x 71B)
Class org.gradle.internal.service.DefaultServiceLocator                               : loaded 2 times (x 83B)
Class jdk.internal.jrtfs.JrtDirectoryStream                                           : loaded 2 times (x 89B)
Class org.gradle.internal.installation.CurrentGradleInstallation                      : loaded 2 times (x 73B)
Class org.gradle.util.internal.GUtil                                                  : loaded 2 times (x 71B)
Class org.gradle.internal.installation.GradleInstallation                             : loaded 2 times (x 75B)
Class jdk.internal.jimage.decompressor.ResourceDecompressor$StringsProvider           : loaded 2 times (x 70B)

---------------  S Y S T E M  ---------------

OS:
 Windows 10 , 64 bit Build 19041 (10.0.19041.5915)
OS uptime: 55 days 8:39 hours

CPU: total 4 (initial active 4) (2 cores per cpu, 2 threads per core) family 6 model 158 stepping 10 microcode 0xca, cx8, cmov, fxsr, ht, mmx, 3dnowpref, sse, sse2, sse3, ssse3, sse4.1, sse4.2, popcnt, lzcnt, tsc, tscinvbit, aes, erms, clmul, clflush, clflushopt, rdtscp
Processor Information for the first 4 processors :
  Max Mhz: 3792, Current Mhz: 3792, Mhz Limit: 3792

Memory: 4k page, system-wide physical 16049M (1457M free)
TotalPageFile size 23549M (AvailPageFile size 7M)
current process WorkingSet (physical memory assigned to process): 586M, peak: 586M
current process commit charge ("private bytes"): 621M, peak: 622M

vm_info: OpenJDK 64-Bit Server VM (21.0.8+-14196175-b1038.72) for windows-amd64 JRE (21.0.8+-14196175-b1038.72), built on 2025-10-01T10:24:33Z by "builder" with MS VC++ 16.10 / 16.11 (VS2019)

END.
